2025-04-12 17:49:11,024 - DroneTraining - INFO - Loading model from checkpoints/vit/best_model.zip
2025-04-12 17:49:11,320 - DroneTraining - INFO - Environment reset. Drone starting at (60, 34, 20)
2025-04-12 17:49:13,172 - DroneTraining - INFO - Step: 10, Position: (50.0, 34.0, 20.0), Reward: 0.10, Terminated: False, Truncated: False
2025-04-12 17:49:15,306 - DroneTraining - INFO - Step: 20, Position: (40.0, 34.0, 20.0), Reward: 0.34, Terminated: False, Truncated: False
2025-04-12 17:49:17,886 - DroneTraining - INFO - Step: 30, Position: (30.0, 34.0, 20.0), Reward: 0.34, Terminated: False, Truncated: False
2025-04-12 17:49:21,194 - DroneTraining - INFO - Step: 40, Position: (20.0, 34.0, 20.0), Reward: 0.10, Terminated: False, Truncated: False
2025-04-12 17:49:24,848 - DroneTraining - INFO - Step: 50, Position: (10.0, 34.0, 20.0), Reward: 0.10, Terminated: False, Truncated: False
2025-04-12 17:49:29,066 - DroneTraining - INFO - Step: 60, Position: (0.0, 34.0, 20.0), Reward: 0.10, Terminated: False, Truncated: False
2025-04-12 17:49:33,991 - DroneTraining - INFO - Step: 70, Position: (0.0, 34.0, 20.0), Reward: 0.10, Terminated: False, Truncated: False
2025-04-12 17:49:39,269 - DroneTraining - INFO - Step: 80, Position: (0.0, 34.0, 20.0), Reward: 0.10, Terminated: False, Truncated: False
2025-04-12 17:49:45,135 - DroneTraining - INFO - Step: 90, Position: (0.0, 34.0, 20.0), Reward: 0.10, Terminated: False, Truncated: False
2025-04-12 17:49:51,697 - DroneTraining - INFO - Step: 100, Position: (0.0, 34.0, 20.0), Reward: 0.10, Terminated: False, Truncated: False
2025-04-12 17:49:59,172 - DroneTraining - INFO - Step: 110, Position: (0.0, 34.0, 20.0), Reward: 0.10, Terminated: False, Truncated: False
2025-04-12 17:50:07,211 - DroneTraining - INFO - Step: 120, Position: (0.0, 34.0, 20.0), Reward: 0.10, Terminated: False, Truncated: False
2025-04-12 17:50:15,774 - DroneTraining - INFO - Step: 130, Position: (0.0, 34.0, 20.0), Reward: 0.10, Terminated: False, Truncated: False
2025-04-12 17:50:24,696 - DroneTraining - INFO - Step: 140, Position: (0.0, 34.0, 20.0), Reward: 0.10, Terminated: False, Truncated: False
2025-04-12 17:50:34,144 - DroneTraining - INFO - Step: 150, Position: (0.0, 34.0, 20.0), Reward: 0.10, Terminated: False, Truncated: False
2025-04-12 17:50:43,927 - DroneTraining - INFO - Step: 160, Position: (0.0, 34.0, 20.0), Reward: 0.10, Terminated: False, Truncated: False
2025-04-12 18:26:59,026 - drone_landing - INFO - Using device: cpu
2025-04-12 18:26:59,027 - drone_landing - INFO - Training drone landing with model type: vit
2025-04-12 18:26:59,862 - drone_landing - INFO - Successful landing at position 9.36 with height 0.00
2025-04-12 18:27:02,690 - drone_landing - INFO - Saved new best model with reward 9.36
2025-04-12 18:27:02,910 - drone_landing - INFO - Successful landing at position 19.17 with height 0.00
2025-04-12 18:27:05,084 - drone_landing - INFO - Saved new best model with reward 9.395
2025-04-12 18:27:05,338 - drone_landing - INFO - Successful landing at position 46.62 with height 0.00
2025-04-12 18:27:08,171 - drone_landing - INFO - Successful landing at position 57.78 with height 1.70
2025-04-12 18:27:09,961 - drone_landing - INFO - Saved new best model with reward 9.407499999999999
2025-04-12 18:27:10,115 - drone_landing - INFO - Successful landing at position 57.75 with height 1.07
2025-04-12 18:27:11,548 - drone_landing - INFO - Saved new best model with reward 9.447999999999999
2025-04-12 18:27:11,686 - drone_landing - INFO - Successful landing at position 82.29 with height 1.54
2025-04-12 18:27:12,907 - drone_landing - INFO - Saved new best model with reward 9.486666666666666
2025-04-12 18:27:12,990 - drone_landing - INFO - Successful landing at position 66.70 with height 1.99
2025-04-12 18:27:13,709 - drone_landing - INFO - Saved new best model with reward 9.535714285714286
2025-04-12 18:27:13,813 - drone_landing - INFO - Failed landing at position 40.45 with height 0.48 (uneven terrain)
2025-04-12 18:27:14,786 - drone_landing - INFO - Successful landing at position 72.23 with height 1.59
2025-04-12 18:27:15,681 - drone_landing - INFO - Successful landing at position 32.33 with height 0.00
2025-04-12 18:27:16,505 - drone_landing - INFO - Episode 10/1000 | Avg Reward: 8.10 | Success Rate: 90.00% | Loss: Policy=-0.0402, Value=0.3582, Entropy=0.5278
2025-04-12 18:27:17,252 - drone_landing - INFO - Successful landing at position 69.75 with height 0.00
2025-04-12 18:27:18,107 - drone_landing - INFO - Successful landing at position 74.50 with height 0.67
2025-04-12 18:27:18,974 - drone_landing - INFO - Successful landing at position 64.69 with height 1.12
2025-04-12 18:27:19,787 - drone_landing - INFO - Successful landing at position 21.82 with height 0.00
2025-04-12 18:27:20,597 - drone_landing - INFO - Successful landing at position 74.63 with height 1.30
2025-04-12 18:27:21,332 - drone_landing - INFO - Successful landing at position 2.64 with height 0.00
2025-04-12 18:27:22,193 - drone_landing - INFO - Successful landing at position 0.34 with height 0.00
2025-04-12 18:27:23,113 - drone_landing - INFO - Failed landing at position 74.92 with height 0.34 (uneven terrain)
2025-04-12 18:27:24,114 - drone_landing - INFO - Successful landing at position 83.84 with height 0.00
2025-04-12 18:27:25,082 - drone_landing - INFO - Successful landing at position 44.68 with height 1.82
2025-04-12 18:27:25,764 - drone_landing - INFO - Episode 20/1000 | Avg Reward: 8.31 | Success Rate: 90.00% | Loss: Policy=-0.0006, Value=0.3185, Entropy=0.0312
2025-04-12 18:27:26,218 - drone_landing - INFO - Successful landing at position 40.12 with height 0.00
2025-04-12 18:27:27,065 - drone_landing - INFO - Successful landing at position 54.46 with height 0.00
2025-04-12 18:27:27,994 - drone_landing - INFO - Successful landing at position 69.23 with height 1.87
2025-04-12 18:27:28,908 - drone_landing - INFO - Successful landing at position 7.43 with height 0.00
2025-04-12 18:27:29,779 - drone_landing - INFO - Successful landing at position 26.45 with height 0.00
2025-04-12 18:27:30,692 - drone_landing - INFO - Successful landing at position 49.71 with height 0.99
2025-04-12 18:27:31,636 - drone_landing - INFO - Successful landing at position 97.94 with height 0.00
2025-04-12 18:27:32,639 - drone_landing - INFO - Successful landing at position 88.67 with height 0.53
2025-04-12 18:27:33,642 - drone_landing - INFO - Saved new best model with reward 9.818000000000001
2025-04-12 18:27:33,736 - drone_landing - INFO - Successful landing at position 43.14 with height 0.00
2025-04-12 18:27:34,665 - drone_landing - INFO - Successful landing at position 96.11 with height 0.00
2025-04-12 18:27:35,610 - drone_landing - INFO - Episode 30/1000 | Avg Reward: 9.82 | Success Rate: 100.00% | Loss: Policy=0.0001, Value=1.0276, Entropy=0.0325
2025-04-12 18:27:36,156 - drone_landing - INFO - Successful landing at position 44.75 with height 0.00
2025-04-12 18:27:37,106 - drone_landing - INFO - Failed landing at position 43.27 with height 0.66 (uneven terrain)
2025-04-12 18:27:38,053 - drone_landing - INFO - Failed landing at position 56.12 with height 1.12 (uneven terrain)
2025-04-12 18:27:38,922 - drone_landing - INFO - Successful landing at position 35.03 with height 1.11
2025-04-12 18:27:39,720 - drone_landing - INFO - Successful landing at position 83.11 with height 0.00
2025-04-12 18:27:40,616 - drone_landing - INFO - Failed landing at position 50.41 with height 0.36 (uneven terrain)
2025-04-12 18:27:41,447 - drone_landing - INFO - Successful landing at position 4.84 with height 0.00
2025-04-12 18:27:42,279 - drone_landing - INFO - Successful landing at position 20.76 with height 1.10
2025-04-12 18:27:43,028 - drone_landing - INFO - Successful landing at position 84.26 with height 0.00
2025-04-12 18:27:43,860 - drone_landing - INFO - Successful landing at position 35.94 with height 0.00
2025-04-12 18:27:44,598 - drone_landing - INFO - Episode 40/1000 | Avg Reward: 5.32 | Success Rate: 70.00% | Loss: Policy=0.0007, Value=0.4182, Entropy=0.0503
2025-04-12 18:27:45,056 - drone_landing - INFO - Successful landing at position 8.58 with height 1.07
2025-04-12 18:27:45,820 - drone_landing - INFO - Successful landing at position 13.29 with height 0.73
2025-04-12 18:27:46,646 - drone_landing - INFO - Successful landing at position 4.40 with height 0.00
2025-04-12 18:27:47,530 - drone_landing - INFO - Successful landing at position 50.28 with height 0.00
2025-04-12 18:27:48,397 - drone_landing - INFO - Failed landing at position 74.48 with height 0.80 (uneven terrain)
2025-04-12 18:27:49,171 - drone_landing - INFO - Successful landing at position 65.63 with height 0.00
2025-04-12 18:27:50,003 - drone_landing - INFO - Successful landing at position 61.22 with height 1.80
2025-04-12 18:27:50,719 - drone_landing - INFO - Failed landing at position 19.29 with height 1.61 (uneven terrain)
2025-04-12 18:27:51,447 - drone_landing - INFO - Failed landing at position 80.05 with height 1.02 (uneven terrain)
2025-04-12 18:27:52,232 - drone_landing - INFO - Successful landing at position 96.48 with height 0.00
2025-04-12 18:27:52,955 - drone_landing - INFO - Episode 50/1000 | Avg Reward: 5.32 | Success Rate: 70.00% | Loss: Policy=0.0106, Value=1.0795, Entropy=0.2770
2025-04-12 18:27:53,506 - drone_landing - INFO - Failed landing at position 79.25 with height 1.14 (uneven terrain)
2025-04-12 18:27:54,259 - drone_landing - INFO - Successful landing at position 11.70 with height 0.00
2025-04-12 18:27:55,123 - drone_landing - INFO - Failed landing at position 80.47 with height 0.66 (uneven terrain)
2025-04-12 18:27:55,901 - drone_landing - INFO - Successful landing at position 1.37 with height 0.00
2025-04-12 18:27:56,742 - drone_landing - INFO - Successful landing at position 50.58 with height 0.24
2025-04-12 18:27:57,556 - drone_landing - INFO - Successful landing at position 21.23 with height 0.37
2025-04-12 18:27:58,592 - drone_landing - INFO - Successful landing at position 88.71 with height 0.60
2025-04-12 18:27:59,520 - drone_landing - INFO - Successful landing at position 5.96 with height 1.99
2025-04-12 18:28:00,300 - drone_landing - INFO - Successful landing at position 4.87 with height 0.00
2025-04-12 18:28:01,174 - drone_landing - INFO - Successful landing at position 80.73 with height 0.91
2025-04-12 18:28:01,874 - drone_landing - INFO - Episode 60/1000 | Avg Reward: 6.81 | Success Rate: 80.00% | Loss: Policy=0.0000, Value=0.9886, Entropy=0.0021
2025-04-12 18:28:02,410 - drone_landing - INFO - Successful landing at position 12.19 with height 1.85
2025-04-12 18:28:03,140 - drone_landing - INFO - Failed landing at position 20.93 with height 1.40 (uneven terrain)
2025-04-12 18:28:03,897 - drone_landing - INFO - Successful landing at position 73.66 with height 1.13
2025-04-12 18:28:04,658 - drone_landing - INFO - Successful landing at position 98.10 with height 0.00
2025-04-12 18:28:05,470 - drone_landing - INFO - Successful landing at position 31.38 with height 0.00
2025-04-12 18:28:06,276 - drone_landing - INFO - Successful landing at position 46.61 with height 1.40
2025-04-12 18:28:07,050 - drone_landing - INFO - Successful landing at position 73.98 with height 1.21
2025-04-12 18:28:07,826 - drone_landing - INFO - Failed landing at position 63.20 with height 0.55 (uneven terrain)
2025-04-12 18:28:08,610 - drone_landing - INFO - Successful landing at position 85.17 with height 0.00
2025-04-12 18:28:09,449 - drone_landing - INFO - Successful landing at position 48.62 with height 0.00
2025-04-12 18:28:10,233 - drone_landing - INFO - Episode 70/1000 | Avg Reward: 6.82 | Success Rate: 80.00% | Loss: Policy=-0.0061, Value=0.4965, Entropy=0.0737
2025-04-12 18:28:10,764 - drone_landing - INFO - Successful landing at position 51.46 with height 0.72
2025-04-12 18:28:11,546 - drone_landing - INFO - Successful landing at position 64.66 with height 0.00
2025-04-12 18:28:12,346 - drone_landing - INFO - Successful landing at position 23.59 with height 0.99
2025-04-12 18:28:13,129 - drone_landing - INFO - Successful landing at position 29.62 with height 0.00
2025-04-12 18:28:13,929 - drone_landing - INFO - Failed landing at position 51.26 with height 0.54 (uneven terrain)
2025-04-12 18:28:14,707 - drone_landing - INFO - Successful landing at position 14.78 with height 0.70
2025-04-12 18:28:15,486 - drone_landing - INFO - Successful landing at position 94.60 with height 0.00
2025-04-12 18:28:16,302 - drone_landing - INFO - Successful landing at position 9.65 with height 0.00
2025-04-12 18:28:17,102 - drone_landing - INFO - Successful landing at position 84.79 with height 1.29
2025-04-12 18:28:17,854 - drone_landing - INFO - Successful landing at position 49.36 with height 0.90
2025-04-12 18:28:18,557 - drone_landing - INFO - Episode 80/1000 | Avg Reward: 8.32 | Success Rate: 90.00% | Loss: Policy=-0.0000, Value=0.8829, Entropy=0.0013
2025-04-12 18:28:19,151 - drone_landing - INFO - Successful landing at position 27.32 with height 0.00
2025-04-12 18:28:19,925 - drone_landing - INFO - Successful landing at position 98.97 with height 0.00
2025-04-12 18:28:20,710 - drone_landing - INFO - Failed landing at position 52.02 with height 0.27 (uneven terrain)
2025-04-12 18:28:21,505 - drone_landing - INFO - Successful landing at position 25.95 with height 0.00
2025-04-12 18:28:22,312 - drone_landing - INFO - Successful landing at position 68.54 with height 1.43
2025-04-12 18:28:23,084 - drone_landing - INFO - Successful landing at position 41.41 with height 1.28
2025-04-12 18:28:23,900 - drone_landing - INFO - Successful landing at position 72.45 with height 0.00
2025-04-12 18:28:24,806 - drone_landing - INFO - Successful landing at position 82.43 with height 0.00
2025-04-12 18:28:25,776 - drone_landing - INFO - Failed landing at position 87.77 with height 0.70 (uneven terrain)
2025-04-12 18:28:26,556 - drone_landing - INFO - Failed landing at position 3.13 with height 0.69 (uneven terrain)
2025-04-12 18:28:27,254 - drone_landing - INFO - Episode 90/1000 | Avg Reward: 5.32 | Success Rate: 70.00% | Loss: Policy=-0.0002, Value=0.3311, Entropy=0.0022
2025-04-12 18:28:27,776 - drone_landing - INFO - Successful landing at position 21.03 with height 0.00
2025-04-12 18:28:28,613 - drone_landing - INFO - Successful landing at position 30.26 with height 0.83
2025-04-12 18:28:29,452 - drone_landing - INFO - Successful landing at position 31.35 with height 0.17
2025-04-12 18:28:30,240 - drone_landing - INFO - Successful landing at position 66.71 with height 0.00
2025-04-12 18:28:31,024 - drone_landing - INFO - Successful landing at position 95.61 with height 0.00
2025-04-12 18:28:31,808 - drone_landing - INFO - Successful landing at position 28.19 with height 0.34
2025-04-12 18:28:32,602 - drone_landing - INFO - Successful landing at position 43.89 with height 0.84
2025-04-12 18:28:33,358 - drone_landing - INFO - Failed landing at position 4.17 with height 1.12 (uneven terrain)
2025-04-12 18:28:34,089 - drone_landing - INFO - Successful landing at position 75.93 with height 1.20
2025-04-12 18:28:34,824 - drone_landing - INFO - Successful landing at position 64.35 with height 0.00
2025-04-12 18:28:35,532 - drone_landing - INFO - Episode 100/1000 | Avg Reward: 8.32 | Success Rate: 90.00% | Loss: Policy=-0.0003, Value=0.6123, Entropy=0.0091
2025-04-12 18:28:36,166 - drone_landing - INFO - Successful landing at position 61.99 with height 0.00
2025-04-12 18:28:36,945 - drone_landing - INFO - Failed landing at position 43.84 with height 0.77 (uneven terrain)
2025-04-12 18:28:37,707 - drone_landing - INFO - Successful landing at position 93.54 with height 0.00
2025-04-12 18:28:38,482 - drone_landing - INFO - Successful landing at position 6.27 with height 1.24
2025-04-12 18:28:39,241 - drone_landing - INFO - Successful landing at position 46.82 with height 0.00
2025-04-12 18:28:40,027 - drone_landing - INFO - Successful landing at position 94.60 with height 0.00
2025-04-12 18:28:40,798 - drone_landing - INFO - Successful landing at position 10.31 with height 1.44
2025-04-12 18:28:41,519 - drone_landing - INFO - Successful landing at position 62.34 with height 1.82
2025-04-12 18:28:42,244 - drone_landing - INFO - Successful landing at position 67.84 with height 0.11
2025-04-12 18:28:43,020 - drone_landing - INFO - Successful landing at position 73.02 with height 1.22
2025-04-12 18:28:43,684 - drone_landing - INFO - Episode 110/1000 | Avg Reward: 8.32 | Success Rate: 90.00% | Loss: Policy=0.0001, Value=0.9385, Entropy=0.0039
2025-04-12 18:28:44,209 - drone_landing - INFO - Successful landing at position 82.98 with height 0.28
2025-04-12 18:28:44,993 - drone_landing - INFO - Successful landing at position 73.11 with height 0.00
2025-04-12 18:28:45,792 - drone_landing - INFO - Successful landing at position 50.59 with height 1.00
2025-04-12 18:28:46,601 - drone_landing - INFO - Saved new best model with reward 9.818999999999999
2025-04-12 18:28:46,684 - drone_landing - INFO - Failed landing at position 67.10 with height 0.99 (uneven terrain)
2025-04-12 18:28:47,463 - drone_landing - INFO - Successful landing at position 71.32 with height 0.00
2025-04-12 18:28:48,247 - drone_landing - INFO - Successful landing at position 47.43 with height 1.35
2025-04-12 18:28:48,979 - drone_landing - INFO - Successful landing at position 12.67 with height 0.00
2025-04-12 18:28:49,762 - drone_landing - INFO - Successful landing at position 89.09 with height 0.00
2025-04-12 18:28:50,543 - drone_landing - INFO - Successful landing at position 44.18 with height 0.00
2025-04-12 18:28:51,362 - drone_landing - INFO - Successful landing at position 97.98 with height 0.00
2025-04-12 18:28:52,070 - drone_landing - INFO - Episode 120/1000 | Avg Reward: 8.31 | Success Rate: 90.00% | Loss: Policy=0.0000, Value=0.8804, Entropy=0.0024
2025-04-12 18:28:52,605 - drone_landing - INFO - Successful landing at position 96.57 with height 0.00
2025-04-12 18:28:53,396 - drone_landing - INFO - Successful landing at position 97.76 with height 0.00
2025-04-12 18:28:54,187 - drone_landing - INFO - Successful landing at position 1.03 with height 0.00
2025-04-12 18:28:54,977 - drone_landing - INFO - Failed landing at position 9.42 with height 0.29 (uneven terrain)
2025-04-12 18:28:55,761 - drone_landing - INFO - Successful landing at position 41.13 with height 0.00
2025-04-12 18:28:56,543 - drone_landing - INFO - Successful landing at position 82.81 with height 1.03
2025-04-12 18:28:57,273 - drone_landing - INFO - Successful landing at position 26.97 with height 1.90
2025-04-12 18:28:57,990 - drone_landing - INFO - Failed landing at position 61.87 with height 0.57 (uneven terrain)
2025-04-12 18:28:58,750 - drone_landing - INFO - Successful landing at position 78.70 with height 0.20
2025-04-12 18:28:59,537 - drone_landing - INFO - Successful landing at position 97.21 with height 0.00
2025-04-12 18:29:00,240 - drone_landing - INFO - Episode 130/1000 | Avg Reward: 6.82 | Success Rate: 80.00% | Loss: Policy=-0.0017, Value=0.7151, Entropy=0.0118
2025-04-12 18:29:00,770 - drone_landing - INFO - Successful landing at position 55.34 with height 1.03
2025-04-12 18:29:01,536 - drone_landing - INFO - Successful landing at position 80.73 with height 0.00
2025-04-12 18:29:02,350 - drone_landing - INFO - Successful landing at position 92.30 with height 0.00
2025-04-12 18:29:03,157 - drone_landing - INFO - Failed landing at position 73.47 with height 1.77 (uneven terrain)
2025-04-12 18:29:03,893 - drone_landing - INFO - Successful landing at position 14.92 with height 0.42
2025-04-12 18:29:04,712 - drone_landing - INFO - Successful landing at position 90.15 with height 0.00
2025-04-12 18:29:05,520 - drone_landing - INFO - Successful landing at position 85.99 with height 0.00
2025-04-12 18:29:06,338 - drone_landing - INFO - Failed landing at position 23.89 with height 0.32 (uneven terrain)
2025-04-12 18:29:07,141 - drone_landing - INFO - Successful landing at position 37.23 with height 1.92
2025-04-12 18:29:07,872 - drone_landing - INFO - Failed landing at position 77.93 with height 1.58 (uneven terrain)
2025-04-12 18:29:08,530 - drone_landing - INFO - Episode 140/1000 | Avg Reward: 5.32 | Success Rate: 70.00% | Loss: Policy=-0.0005, Value=0.8233, Entropy=0.0132
2025-04-12 18:29:09,081 - drone_landing - INFO - Successful landing at position 94.36 with height 0.00
2025-04-12 18:29:09,925 - drone_landing - INFO - Successful landing at position 53.64 with height 0.00
2025-04-12 18:29:10,734 - drone_landing - INFO - Successful landing at position 34.69 with height 0.00
2025-04-12 18:29:11,558 - drone_landing - INFO - Successful landing at position 90.09 with height 0.00
2025-04-12 18:29:12,379 - drone_landing - INFO - Failed landing at position 51.61 with height 0.00 (uneven terrain)
2025-04-12 18:29:13,192 - drone_landing - INFO - Failed landing at position 72.28 with height 0.99 (uneven terrain)
2025-04-12 18:29:13,999 - drone_landing - INFO - Successful landing at position 32.92 with height 0.00
2025-04-12 18:29:14,920 - drone_landing - INFO - Successful landing at position 51.34 with height 0.64
2025-04-12 18:29:15,716 - drone_landing - INFO - Successful landing at position 43.29 with height 1.58
2025-04-12 18:29:16,461 - drone_landing - INFO - Failed landing at position 4.42 with height 0.29 (uneven terrain)
2025-04-12 18:29:17,220 - drone_landing - INFO - Episode 150/1000 | Avg Reward: 5.31 | Success Rate: 70.00% | Loss: Policy=-0.0037, Value=0.7231, Entropy=0.0943
2025-04-12 18:29:17,867 - drone_landing - INFO - Successful landing at position 53.78 with height 1.42
2025-04-12 18:29:18,676 - drone_landing - INFO - Successful landing at position 87.65 with height 0.17
2025-04-12 18:29:19,485 - drone_landing - INFO - Failed landing at position 70.55 with height 0.31 (uneven terrain)
2025-04-12 18:29:20,288 - drone_landing - INFO - Failed landing at position 31.79 with height 0.64 (uneven terrain)
2025-04-12 18:29:21,070 - drone_landing - INFO - Failed landing at position 80.30 with height 1.10 (uneven terrain)
2025-04-12 18:29:21,811 - drone_landing - INFO - Successful landing at position 51.48 with height 1.90
2025-04-12 18:29:22,556 - drone_landing - INFO - Successful landing at position 96.00 with height 0.00
2025-04-12 18:29:23,364 - drone_landing - INFO - Successful landing at position 89.80 with height 0.00
2025-04-12 18:29:24,174 - drone_landing - INFO - Successful landing at position 91.12 with height 0.00
2025-04-12 18:29:24,977 - drone_landing - INFO - Failed landing at position 68.64 with height 0.70 (uneven terrain)
2025-04-12 18:29:25,685 - drone_landing - INFO - Episode 160/1000 | Avg Reward: 3.82 | Success Rate: 60.00% | Loss: Policy=0.0005, Value=0.6384, Entropy=0.0020
2025-04-12 18:29:26,236 - drone_landing - INFO - Successful landing at position 56.03 with height 0.00
2025-04-12 18:29:27,047 - drone_landing - INFO - Successful landing at position 80.32 with height 0.00
2025-04-12 18:29:27,853 - drone_landing - INFO - Failed landing at position 71.20 with height 0.54 (uneven terrain)
2025-04-12 18:29:28,681 - drone_landing - INFO - Successful landing at position 24.53 with height 0.00
2025-04-12 18:29:29,550 - drone_landing - INFO - Successful landing at position 7.46 with height 0.88
2025-04-12 18:29:30,369 - drone_landing - INFO - Successful landing at position 26.51 with height 0.00
2025-04-12 18:29:31,174 - drone_landing - INFO - Failed landing at position 37.69 with height 0.72 (uneven terrain)
2025-04-12 18:29:31,956 - drone_landing - INFO - Successful landing at position 37.37 with height 1.08
2025-04-12 18:29:32,733 - drone_landing - INFO - Successful landing at position 49.07 with height 0.00
2025-04-12 18:29:33,578 - drone_landing - INFO - Successful landing at position 90.19 with height 0.00
2025-04-12 18:29:34,309 - drone_landing - INFO - Episode 170/1000 | Avg Reward: 6.82 | Success Rate: 80.00% | Loss: Policy=0.0000, Value=0.9575, Entropy=0.0000
2025-04-12 18:29:34,850 - drone_landing - INFO - Successful landing at position 11.47 with height 1.82
2025-04-12 18:29:35,583 - drone_landing - INFO - Successful landing at position 7.90 with height 0.78
2025-04-12 18:29:36,371 - drone_landing - INFO - Successful landing at position 60.42 with height 0.00
2025-04-12 18:29:37,199 - drone_landing - INFO - Successful landing at position 47.72 with height 0.47
2025-04-12 18:29:38,007 - drone_landing - INFO - Successful landing at position 25.99 with height 0.00
2025-04-12 18:29:38,832 - drone_landing - INFO - Successful landing at position 19.94 with height 0.00
2025-04-12 18:29:39,633 - drone_landing - INFO - Successful landing at position 42.70 with height 0.00
2025-04-12 18:29:40,446 - drone_landing - INFO - Successful landing at position 14.29 with height 0.00
2025-04-12 18:29:41,254 - drone_landing - INFO - Successful landing at position 13.00 with height 0.00
2025-04-12 18:29:42,070 - drone_landing - INFO - Successful landing at position 36.65 with height 0.00
2025-04-12 18:29:42,802 - drone_landing - INFO - Episode 180/1000 | Avg Reward: 9.81 | Success Rate: 100.00% | Loss: Policy=-0.0000, Value=0.7809, Entropy=0.0002
2025-04-12 18:29:43,347 - drone_landing - INFO - Successful landing at position 64.29 with height 1.26
2025-04-12 18:29:44,092 - drone_landing - INFO - Successful landing at position 79.90 with height 1.94
2025-04-12 18:29:44,867 - drone_landing - INFO - Failed landing at position 76.53 with height 0.24 (uneven terrain)
2025-04-12 18:29:45,674 - drone_landing - INFO - Failed landing at position 21.96 with height 0.78 (uneven terrain)
2025-04-12 18:29:46,448 - drone_landing - INFO - Successful landing at position 37.57 with height 1.48
2025-04-12 18:29:47,211 - drone_landing - INFO - Successful landing at position 52.89 with height 0.60
2025-04-12 18:29:47,985 - drone_landing - INFO - Failed landing at position 46.91 with height 1.46 (uneven terrain)
2025-04-12 18:29:48,758 - drone_landing - INFO - Failed landing at position 55.09 with height 0.44 (uneven terrain)
2025-04-12 18:29:49,566 - drone_landing - INFO - Successful landing at position 3.61 with height 0.00
2025-04-12 18:29:50,379 - drone_landing - INFO - Successful landing at position 2.37 with height 0.00
2025-04-12 18:29:51,102 - drone_landing - INFO - Episode 190/1000 | Avg Reward: 3.82 | Success Rate: 60.00% | Loss: Policy=-0.0000, Value=0.6987, Entropy=0.0022
2025-04-12 18:29:51,739 - drone_landing - INFO - Successful landing at position 49.16 with height 0.85
2025-04-12 18:29:52,513 - drone_landing - INFO - Successful landing at position 28.71 with height 1.88
2025-04-12 18:29:53,255 - drone_landing - INFO - Successful landing at position 45.96 with height 0.00
2025-04-12 18:29:54,052 - drone_landing - INFO - Successful landing at position 59.78 with height 0.00
2025-04-12 18:29:54,864 - drone_landing - INFO - Failed landing at position 35.42 with height 0.38 (uneven terrain)
2025-04-12 18:29:55,661 - drone_landing - INFO - Successful landing at position 22.15 with height 0.79
2025-04-12 18:29:56,447 - drone_landing - INFO - Successful landing at position 89.69 with height 0.74
2025-04-12 18:29:57,231 - drone_landing - INFO - Failed landing at position 3.17 with height 0.72 (uneven terrain)
2025-04-12 18:29:58,018 - drone_landing - INFO - Successful landing at position 66.79 with height 1.52
2025-04-12 18:29:58,754 - drone_landing - INFO - Successful landing at position 7.53 with height 0.00
2025-04-12 18:29:59,481 - drone_landing - INFO - Episode 200/1000 | Avg Reward: 6.82 | Success Rate: 80.00% | Loss: Policy=-0.0000, Value=0.7624, Entropy=0.0011
2025-04-12 18:30:00,060 - drone_landing - INFO - Successful landing at position 92.96 with height 0.00
2025-04-12 18:30:00,862 - drone_landing - INFO - Successful landing at position 22.20 with height 0.94
2025-04-12 18:30:01,653 - drone_landing - INFO - Successful landing at position 86.13 with height 0.00
2025-04-12 18:30:02,467 - drone_landing - INFO - Failed landing at position 6.82 with height 0.16 (uneven terrain)
2025-04-12 18:30:03,291 - drone_landing - INFO - Successful landing at position 0.96 with height 0.45
2025-04-12 18:30:04,098 - drone_landing - INFO - Successful landing at position 37.08 with height 0.00
2025-04-12 18:30:04,916 - drone_landing - INFO - Successful landing at position 69.84 with height 0.20
2025-04-12 18:30:05,721 - drone_landing - INFO - Successful landing at position 40.28 with height 0.00
2025-04-12 18:30:06,533 - drone_landing - INFO - Successful landing at position 55.98 with height 0.00
2025-04-12 18:30:07,349 - drone_landing - INFO - Successful landing at position 6.70 with height 0.00
2025-04-12 18:30:08,082 - drone_landing - INFO - Episode 210/1000 | Avg Reward: 8.31 | Success Rate: 90.00% | Loss: Policy=-0.0001, Value=0.8434, Entropy=0.0046
2025-04-12 18:30:08,623 - drone_landing - INFO - Successful landing at position 82.56 with height 0.00
2025-04-12 18:30:09,430 - drone_landing - INFO - Successful landing at position 35.36 with height 0.00
2025-04-12 18:30:10,226 - drone_landing - INFO - Successful landing at position 70.42 with height 1.14
2025-04-12 18:30:10,987 - drone_landing - INFO - Successful landing at position 68.76 with height 0.18
2025-04-12 18:30:11,779 - drone_landing - INFO - Successful landing at position 55.88 with height 1.76
2025-04-12 18:30:12,527 - drone_landing - INFO - Successful landing at position 10.75 with height 0.00
2025-04-12 18:30:13,339 - drone_landing - INFO - Failed landing at position 10.43 with height 0.74 (uneven terrain)
2025-04-12 18:30:14,124 - drone_landing - INFO - Successful landing at position 90.50 with height 0.00
2025-04-12 18:30:14,934 - drone_landing - INFO - Successful landing at position 51.45 with height 0.00
2025-04-12 18:30:15,743 - drone_landing - INFO - Failed landing at position 25.81 with height 0.79 (uneven terrain)
2025-04-12 18:30:16,451 - drone_landing - INFO - Episode 220/1000 | Avg Reward: 6.82 | Success Rate: 80.00% | Loss: Policy=-0.0006, Value=0.7348, Entropy=0.0129
2025-04-12 18:30:16,988 - drone_landing - INFO - Successful landing at position 91.08 with height 0.00
2025-04-12 18:30:17,802 - drone_landing - INFO - Successful landing at position 95.44 with height 0.00
2025-04-12 18:30:18,610 - drone_landing - INFO - Successful landing at position 19.28 with height 0.00
2025-04-12 18:30:19,423 - drone_landing - INFO - Successful landing at position 65.10 with height 0.00
2025-04-12 18:30:20,228 - drone_landing - INFO - Successful landing at position 6.78 with height 0.42
2025-04-12 18:30:21,040 - drone_landing - INFO - Successful landing at position 1.42 with height 0.00
2025-04-12 18:30:21,842 - drone_landing - INFO - Successful landing at position 56.30 with height 0.84
2025-04-12 18:30:22,641 - drone_landing - INFO - Successful landing at position 36.18 with height 0.00
2025-04-12 18:30:23,441 - drone_landing - INFO - Successful landing at position 29.39 with height 0.86
2025-04-12 18:30:24,232 - drone_landing - INFO - Successful landing at position 34.08 with height 0.00
2025-04-12 18:30:24,956 - drone_landing - INFO - Episode 230/1000 | Avg Reward: 9.81 | Success Rate: 100.00% | Loss: Policy=-0.0000, Value=0.8790, Entropy=0.0040
2025-04-12 18:30:25,495 - drone_landing - INFO - Successful landing at position 97.08 with height 0.00
2025-04-12 18:30:26,298 - drone_landing - INFO - Successful landing at position 8.99 with height 0.00
2025-04-12 18:30:27,115 - drone_landing - INFO - Successful landing at position 33.65 with height 0.00
2025-04-12 18:30:27,917 - drone_landing - INFO - Successful landing at position 88.20 with height 0.00
2025-04-12 18:30:28,729 - drone_landing - INFO - Successful landing at position 42.90 with height 0.36
2025-04-12 18:30:29,518 - drone_landing - INFO - Failed landing at position 50.41 with height 1.84 (uneven terrain)
2025-04-12 18:30:30,255 - drone_landing - INFO - Successful landing at position 15.06 with height 0.00
2025-04-12 18:30:31,059 - drone_landing - INFO - Successful landing at position 66.95 with height 1.11
2025-04-12 18:30:31,825 - drone_landing - INFO - Successful landing at position 59.49 with height 0.00
2025-04-12 18:30:32,644 - drone_landing - INFO - Successful landing at position 70.09 with height 0.00
2025-04-12 18:30:33,535 - drone_landing - INFO - Episode 240/1000 | Avg Reward: 8.32 | Success Rate: 90.00% | Loss: Policy=-0.0002, Value=0.7918, Entropy=0.0043
2025-04-12 18:30:34,115 - drone_landing - INFO - Successful landing at position 98.92 with height 0.00
2025-04-12 18:30:34,996 - drone_landing - INFO - Successful landing at position 71.88 with height 0.00
2025-04-12 18:30:35,886 - drone_landing - INFO - Successful landing at position 37.96 with height 0.66
2025-04-12 18:30:36,760 - drone_landing - INFO - Successful landing at position 56.13 with height 1.56
2025-04-12 18:30:37,587 - drone_landing - INFO - Successful landing at position 47.45 with height 1.60
2025-04-12 18:30:38,394 - drone_landing - INFO - Successful landing at position 92.57 with height 0.00
2025-04-12 18:30:39,387 - drone_landing - INFO - Saved new best model with reward 9.819
2025-04-12 18:30:39,487 - drone_landing - INFO - Successful landing at position 54.30 with height 0.00
2025-04-12 18:30:40,737 - drone_landing - INFO - Successful landing at position 67.88 with height 0.00
2025-04-12 18:30:41,839 - drone_landing - INFO - Successful landing at position 68.50 with height 0.00
2025-04-12 18:30:42,877 - drone_landing - INFO - Failed landing at position 81.11 with height 0.00 (uneven terrain)
2025-04-12 18:30:43,869 - drone_landing - INFO - Episode 250/1000 | Avg Reward: 8.32 | Success Rate: 90.00% | Loss: Policy=-0.0001, Value=0.7180, Entropy=0.0065
2025-04-12 18:30:44,498 - drone_landing - INFO - Successful landing at position 46.90 with height 1.32
2025-04-12 18:30:45,599 - drone_landing - INFO - Successful landing at position 3.20 with height 0.66
2025-04-12 18:30:46,549 - drone_landing - INFO - Failed landing at position 60.87 with height 0.54 (uneven terrain)
2025-04-12 18:30:47,589 - drone_landing - INFO - Successful landing at position 26.93 with height 0.11
2025-04-12 18:30:48,609 - drone_landing - INFO - Successful landing at position 42.51 with height 1.83
2025-04-12 18:30:49,672 - drone_landing - INFO - Failed landing at position 52.23 with height 1.35 (uneven terrain)
2025-04-12 18:30:50,791 - drone_landing - INFO - Successful landing at position 73.88 with height 0.00
2025-04-12 18:30:51,922 - drone_landing - INFO - Successful landing at position 31.18 with height 1.71
2025-04-12 18:30:52,898 - drone_landing - INFO - Successful landing at position 77.29 with height 0.00
2025-04-12 18:30:53,901 - drone_landing - INFO - Failed landing at position 63.38 with height 1.66 (uneven terrain)
2025-04-12 18:30:54,797 - drone_landing - INFO - Episode 260/1000 | Avg Reward: 5.33 | Success Rate: 70.00% | Loss: Policy=-0.0000, Value=0.7954, Entropy=0.0009
2025-04-12 18:30:55,375 - drone_landing - INFO - Successful landing at position 77.79 with height 0.99
2025-04-12 18:30:56,360 - drone_landing - INFO - Failed landing at position 90.49 with height 1.51 (uneven terrain)
2025-04-12 18:30:57,453 - drone_landing - INFO - Successful landing at position 45.84 with height 0.00
2025-04-12 18:30:58,606 - drone_landing - INFO - Successful landing at position 80.65 with height 0.00
2025-04-12 18:30:59,817 - drone_landing - INFO - Successful landing at position 40.03 with height 1.52
2025-04-12 18:31:00,853 - drone_landing - INFO - Successful landing at position 95.92 with height 0.00
2025-04-12 18:31:01,984 - drone_landing - INFO - Successful landing at position 87.80 with height 0.00
2025-04-12 18:31:03,185 - drone_landing - INFO - Successful landing at position 73.17 with height 0.85
2025-04-12 18:31:04,319 - drone_landing - INFO - Successful landing at position 17.08 with height 1.39
2025-04-12 18:31:05,565 - drone_landing - INFO - Successful landing at position 7.44 with height 0.00
2025-04-12 18:31:06,740 - drone_landing - INFO - Episode 270/1000 | Avg Reward: 8.32 | Success Rate: 90.00% | Loss: Policy=0.0001, Value=0.8553, Entropy=0.0043
2025-04-12 18:31:07,313 - drone_landing - INFO - Successful landing at position 25.22 with height 0.00
2025-04-12 18:31:08,725 - drone_landing - INFO - Failed landing at position 0.49 with height 0.95 (uneven terrain)
2025-04-12 18:31:10,018 - drone_landing - INFO - Successful landing at position 89.13 with height 0.00
2025-04-12 18:31:11,240 - drone_landing - INFO - Successful landing at position 42.71 with height 1.02
2025-04-12 18:31:12,314 - drone_landing - INFO - Failed landing at position 15.17 with height 1.09 (uneven terrain)
2025-04-12 18:31:13,458 - drone_landing - INFO - Successful landing at position 75.42 with height 1.19
2025-04-12 18:31:14,551 - drone_landing - INFO - Successful landing at position 55.88 with height 0.00
2025-04-12 18:31:15,583 - drone_landing - INFO - Successful landing at position 35.56 with height 0.94
2025-04-12 18:31:16,694 - drone_landing - INFO - Successful landing at position 83.98 with height 0.00
2025-04-12 18:31:17,651 - drone_landing - INFO - Successful landing at position 93.82 with height 0.00
2025-04-12 18:31:18,513 - drone_landing - INFO - Episode 280/1000 | Avg Reward: 6.82 | Success Rate: 80.00% | Loss: Policy=0.0001, Value=0.9252, Entropy=0.0025
2025-04-12 18:31:18,991 - drone_landing - INFO - Failed landing at position 58.33 with height 1.70 (uneven terrain)
2025-04-12 18:31:19,909 - drone_landing - INFO - Failed landing at position 59.79 with height 0.34 (uneven terrain)
2025-04-12 18:31:20,877 - drone_landing - INFO - Successful landing at position 97.48 with height 0.00
2025-04-12 18:31:21,756 - drone_landing - INFO - Failed landing at position 34.60 with height 1.47 (uneven terrain)
2025-04-12 18:31:22,660 - drone_landing - INFO - Failed landing at position 33.15 with height 0.48 (uneven terrain)
2025-04-12 18:31:23,486 - drone_landing - INFO - Successful landing at position 74.12 with height 0.00
2025-04-12 18:31:24,308 - drone_landing - INFO - Successful landing at position 52.76 with height 0.39
2025-04-12 18:31:25,131 - drone_landing - INFO - Successful landing at position 78.65 with height 0.00
2025-04-12 18:31:26,026 - drone_landing - INFO - Successful landing at position 76.42 with height 0.00
2025-04-12 18:31:26,854 - drone_landing - INFO - Failed landing at position 0.31 with height 0.38 (uneven terrain)
2025-04-12 18:31:27,617 - drone_landing - INFO - Episode 290/1000 | Avg Reward: 2.32 | Success Rate: 50.00% | Loss: Policy=0.0000, Value=0.6364, Entropy=0.0000
2025-04-12 18:31:28,224 - drone_landing - INFO - Successful landing at position 34.79 with height 0.22
2025-04-12 18:31:29,085 - drone_landing - INFO - Successful landing at position 44.23 with height 1.55
2025-04-12 18:31:29,910 - drone_landing - INFO - Successful landing at position 3.24 with height 0.00
2025-04-12 18:31:30,870 - drone_landing - INFO - Successful landing at position 78.30 with height 0.00
2025-04-12 18:31:31,876 - drone_landing - INFO - Successful landing at position 94.95 with height 0.00
2025-04-12 18:31:32,831 - drone_landing - INFO - Successful landing at position 35.56 with height 0.34
2025-04-12 18:31:34,045 - drone_landing - INFO - Successful landing at position 17.94 with height 1.47
2025-04-12 18:31:34,920 - drone_landing - INFO - Successful landing at position 77.92 with height 0.79
2025-04-12 18:31:35,935 - drone_landing - INFO - Successful landing at position 82.17 with height 0.00
2025-04-12 18:31:37,157 - drone_landing - INFO - Successful landing at position 71.99 with height 1.78
2025-04-12 18:31:38,076 - drone_landing - INFO - Episode 300/1000 | Avg Reward: 9.82 | Success Rate: 100.00% | Loss: Policy=0.0000, Value=0.8078, Entropy=0.0033
2025-04-12 18:31:38,750 - drone_landing - INFO - Successful landing at position 47.00 with height 0.19
2025-04-12 18:31:39,895 - drone_landing - INFO - Successful landing at position 1.70 with height 0.00
2025-04-12 18:31:40,985 - drone_landing - INFO - Failed landing at position 27.64 with height 0.83 (uneven terrain)
2025-04-12 18:31:41,980 - drone_landing - INFO - Successful landing at position 77.55 with height 0.00
2025-04-12 18:31:43,082 - drone_landing - INFO - Successful landing at position 47.25 with height 0.00
2025-04-12 18:31:44,166 - drone_landing - INFO - Successful landing at position 46.22 with height 0.00
2025-04-12 18:31:45,292 - drone_landing - INFO - Successful landing at position 87.36 with height 0.00
2025-04-12 18:31:46,499 - drone_landing - INFO - Successful landing at position 86.01 with height 0.00
2025-04-12 18:31:47,693 - drone_landing - INFO - Successful landing at position 46.05 with height 0.90
2025-04-12 18:31:48,844 - drone_landing - INFO - Failed landing at position 7.42 with height 0.52 (uneven terrain)
2025-04-12 18:31:49,904 - drone_landing - INFO - Episode 310/1000 | Avg Reward: 6.81 | Success Rate: 80.00% | Loss: Policy=0.0000, Value=0.7963, Entropy=0.0000
2025-04-12 18:31:50,514 - drone_landing - INFO - Successful landing at position 3.63 with height 0.00
2025-04-12 18:31:51,648 - drone_landing - INFO - Successful landing at position 30.15 with height 0.00
2025-04-12 18:31:52,786 - drone_landing - INFO - Successful landing at position 30.77 with height 0.00
2025-04-12 18:31:53,900 - drone_landing - INFO - Successful landing at position 97.95 with height 0.00
2025-04-12 18:31:55,030 - drone_landing - INFO - Successful landing at position 20.20 with height 0.00
2025-04-12 18:31:56,226 - drone_landing - INFO - Successful landing at position 78.71 with height 0.56
2025-04-12 18:31:57,425 - drone_landing - INFO - Successful landing at position 58.73 with height 0.00
2025-04-12 18:31:58,619 - drone_landing - INFO - Successful landing at position 87.17 with height 0.00
2025-04-12 18:31:59,813 - drone_landing - INFO - Successful landing at position 50.91 with height 0.00
2025-04-12 18:32:00,900 - drone_landing - INFO - Successful landing at position 28.45 with height 1.37
2025-04-12 18:32:01,768 - drone_landing - INFO - Episode 320/1000 | Avg Reward: 9.81 | Success Rate: 100.00% | Loss: Policy=-0.0001, Value=0.7382, Entropy=0.0006
2025-04-12 18:32:02,377 - drone_landing - INFO - Successful landing at position 75.10 with height 0.00
2025-04-12 18:32:03,497 - drone_landing - INFO - Failed landing at position 74.95 with height 1.19 (uneven terrain)
2025-04-12 18:32:04,589 - drone_landing - INFO - Successful landing at position 1.39 with height 0.00
2025-04-12 18:32:05,694 - drone_landing - INFO - Successful landing at position 55.53 with height 1.67
2025-04-12 18:32:06,778 - drone_landing - INFO - Successful landing at position 76.09 with height 0.00
2025-04-12 18:32:07,978 - drone_landing - INFO - Successful landing at position 96.31 with height 0.00
2025-04-12 18:32:09,153 - drone_landing - INFO - Successful landing at position 87.93 with height 0.00
2025-04-12 18:32:10,399 - drone_landing - INFO - Successful landing at position 71.37 with height 0.76
2025-04-12 18:32:11,714 - drone_landing - INFO - Successful landing at position 83.35 with height 0.95
2025-04-12 18:32:12,895 - drone_landing - INFO - Successful landing at position 8.37 with height 0.00
2025-04-12 18:32:14,029 - drone_landing - INFO - Episode 330/1000 | Avg Reward: 8.32 | Success Rate: 90.00% | Loss: Policy=-0.0000, Value=0.8892, Entropy=0.0007
2025-04-12 18:32:14,801 - drone_landing - INFO - Successful landing at position 90.55 with height 0.00
2025-04-12 18:32:16,040 - drone_landing - INFO - Failed landing at position 62.37 with height 0.33 (uneven terrain)
2025-04-12 18:32:17,277 - drone_landing - INFO - Successful landing at position 64.11 with height 0.00
2025-04-12 18:32:18,448 - drone_landing - INFO - Failed landing at position 53.51 with height 0.90 (uneven terrain)
2025-04-12 18:32:19,542 - drone_landing - INFO - Successful landing at position 70.70 with height 0.00
2025-04-12 18:32:20,652 - drone_landing - INFO - Successful landing at position 74.09 with height 0.60
2025-04-12 18:32:21,681 - drone_landing - INFO - Successful landing at position 58.44 with height 0.90
2025-04-12 18:32:22,728 - drone_landing - INFO - Successful landing at position 8.15 with height 0.00
2025-04-12 18:32:23,752 - drone_landing - INFO - Successful landing at position 19.78 with height 1.28
2025-04-12 18:32:24,728 - drone_landing - INFO - Successful landing at position 35.58 with height 0.38
2025-04-12 18:32:25,701 - drone_landing - INFO - Episode 340/1000 | Avg Reward: 6.82 | Success Rate: 80.00% | Loss: Policy=-0.0000, Value=0.7542, Entropy=0.0004
2025-04-12 18:32:26,360 - drone_landing - INFO - Successful landing at position 84.17 with height 1.24
2025-04-12 18:32:27,468 - drone_landing - INFO - Successful landing at position 6.88 with height 0.98
2025-04-12 18:32:28,745 - drone_landing - INFO - Successful landing at position 9.95 with height 0.88
2025-04-12 18:32:29,905 - drone_landing - INFO - Successful landing at position 27.02 with height 1.71
2025-04-12 18:32:30,993 - drone_landing - INFO - Saved new best model with reward 9.821000000000002
2025-04-12 18:32:31,090 - drone_landing - INFO - Successful landing at position 38.46 with height 0.00
2025-04-12 18:32:32,178 - drone_landing - INFO - Successful landing at position 0.77 with height 0.00
2025-04-12 18:32:33,226 - drone_landing - INFO - Successful landing at position 31.41 with height 1.97
2025-04-12 18:32:34,234 - drone_landing - INFO - Saved new best model with reward 9.822
2025-04-12 18:32:34,333 - drone_landing - INFO - Failed landing at position 85.04 with height 0.33 (uneven terrain)
2025-04-12 18:32:35,394 - drone_landing - INFO - Successful landing at position 72.40 with height 0.17
2025-04-12 18:32:36,524 - drone_landing - INFO - Successful landing at position 86.04 with height 0.00
2025-04-12 18:32:37,601 - drone_landing - INFO - Episode 350/1000 | Avg Reward: 8.32 | Success Rate: 90.00% | Loss: Policy=0.0000, Value=0.8179, Entropy=0.0001
2025-04-12 18:32:38,277 - drone_landing - INFO - Successful landing at position 65.35 with height 0.67
2025-04-12 18:32:39,433 - drone_landing - INFO - Successful landing at position 46.59 with height 0.00
2025-04-12 18:32:40,629 - drone_landing - INFO - Successful landing at position 62.42 with height 0.00
2025-04-12 18:32:41,736 - drone_landing - INFO - Successful landing at position 58.83 with height 0.00
2025-04-12 18:32:42,818 - drone_landing - INFO - Successful landing at position 11.76 with height 0.00
2025-04-12 18:32:43,848 - drone_landing - INFO - Successful landing at position 27.60 with height 0.00
2025-04-12 18:32:44,880 - drone_landing - INFO - Successful landing at position 42.69 with height 0.00
2025-04-12 18:32:45,975 - drone_landing - INFO - Successful landing at position 29.32 with height 0.00
2025-04-12 18:32:47,095 - drone_landing - INFO - Successful landing at position 87.71 with height 0.42
2025-04-12 18:32:48,230 - drone_landing - INFO - Successful landing at position 79.78 with height 0.00
2025-04-12 18:32:49,296 - drone_landing - INFO - Episode 360/1000 | Avg Reward: 9.81 | Success Rate: 100.00% | Loss: Policy=-0.0000, Value=0.9130, Entropy=0.0001
2025-04-12 18:32:49,944 - drone_landing - INFO - Successful landing at position 12.75 with height 1.35
2025-04-12 18:32:51,032 - drone_landing - INFO - Successful landing at position 26.75 with height 0.00
2025-04-12 18:32:52,104 - drone_landing - INFO - Successful landing at position 57.98 with height 1.69
2025-04-12 18:32:53,036 - drone_landing - INFO - Successful landing at position 97.98 with height 0.00
2025-04-12 18:32:54,268 - drone_landing - INFO - Successful landing at position 78.63 with height 1.21
2025-04-12 18:32:55,224 - drone_landing - INFO - Successful landing at position 31.39 with height 0.00
2025-04-12 18:32:56,327 - drone_landing - INFO - Successful landing at position 78.10 with height 0.64
2025-04-12 18:32:57,393 - drone_landing - INFO - Successful landing at position 87.67 with height 0.00
2025-04-12 18:32:58,493 - drone_landing - INFO - Successful landing at position 73.21 with height 0.00
2025-04-12 18:32:59,596 - drone_landing - INFO - Successful landing at position 65.59 with height 0.00
2025-04-12 18:33:00,599 - drone_landing - INFO - Episode 370/1000 | Avg Reward: 9.82 | Success Rate: 100.00% | Loss: Policy=0.0000, Value=0.7609, Entropy=0.0005
2025-04-12 18:33:01,233 - drone_landing - INFO - Successful landing at position 50.11 with height 0.00
2025-04-12 18:33:02,234 - drone_landing - INFO - Failed landing at position 88.70 with height 0.32 (uneven terrain)
2025-04-12 18:33:03,219 - drone_landing - INFO - Successful landing at position 94.09 with height 0.00
2025-04-12 18:33:04,252 - drone_landing - INFO - Successful landing at position 26.99 with height 0.00
2025-04-12 18:33:05,253 - drone_landing - INFO - Failed landing at position 29.48 with height 0.38 (uneven terrain)
2025-04-12 18:33:06,279 - drone_landing - INFO - Successful landing at position 56.18 with height 0.00
2025-04-12 18:33:07,381 - drone_landing - INFO - Successful landing at position 54.32 with height 0.00
2025-04-12 18:33:08,472 - drone_landing - INFO - Successful landing at position 61.91 with height 0.00
2025-04-12 18:33:09,556 - drone_landing - INFO - Successful landing at position 87.11 with height 0.00
2025-04-12 18:33:10,651 - drone_landing - INFO - Successful landing at position 89.21 with height 0.00
2025-04-12 18:33:11,659 - drone_landing - INFO - Episode 380/1000 | Avg Reward: 6.81 | Success Rate: 80.00% | Loss: Policy=0.0001, Value=0.7284, Entropy=0.0036
2025-04-12 18:33:12,380 - drone_landing - INFO - Successful landing at position 39.43 with height 1.25
2025-04-12 18:33:13,374 - drone_landing - INFO - Successful landing at position 24.71 with height 0.00
2025-04-12 18:33:14,404 - drone_landing - INFO - Successful landing at position 64.24 with height 0.52
2025-04-12 18:33:15,406 - drone_landing - INFO - Successful landing at position 71.58 with height 0.00
2025-04-12 18:33:16,453 - drone_landing - INFO - Successful landing at position 14.94 with height 0.00
2025-04-12 18:33:17,599 - drone_landing - INFO - Successful landing at position 85.49 with height 0.00
2025-04-12 18:33:18,871 - drone_landing - INFO - Successful landing at position 92.61 with height 0.00
2025-04-12 18:33:20,062 - drone_landing - INFO - Failed landing at position 29.01 with height 0.32 (uneven terrain)
2025-04-12 18:33:21,195 - drone_landing - INFO - Successful landing at position 17.70 with height 0.71
2025-04-12 18:33:22,507 - drone_landing - INFO - Successful landing at position 20.67 with height 0.00
2025-04-12 18:33:23,514 - drone_landing - INFO - Episode 390/1000 | Avg Reward: 8.31 | Success Rate: 90.00% | Loss: Policy=0.0001, Value=0.9003, Entropy=0.0062
2025-04-12 18:33:24,047 - drone_landing - INFO - Failed landing at position 8.11 with height 1.56 (uneven terrain)
2025-04-12 18:33:25,049 - drone_landing - INFO - Successful landing at position 34.09 with height 0.00
2025-04-12 18:33:26,050 - drone_landing - INFO - Successful landing at position 86.82 with height 0.00
2025-04-12 18:33:27,027 - drone_landing - INFO - Successful landing at position 98.08 with height 0.00
2025-04-12 18:33:28,042 - drone_landing - INFO - Failed landing at position 8.59 with height 0.00 (uneven terrain)
2025-04-12 18:33:29,027 - drone_landing - INFO - Successful landing at position 63.19 with height 0.87
2025-04-12 18:33:30,010 - drone_landing - INFO - Failed landing at position 52.85 with height 1.25 (uneven terrain)
2025-04-12 18:33:31,108 - drone_landing - INFO - Successful landing at position 80.08 with height 0.55
2025-04-12 18:33:32,213 - drone_landing - INFO - Successful landing at position 50.52 with height 0.00
2025-04-12 18:33:33,418 - drone_landing - INFO - Successful landing at position 6.66 with height 0.00
2025-04-12 18:33:34,366 - drone_landing - INFO - Episode 400/1000 | Avg Reward: 5.32 | Success Rate: 70.00% | Loss: Policy=0.0000, Value=0.8360, Entropy=0.0000
2025-04-12 18:33:34,896 - drone_landing - INFO - Successful landing at position 16.03 with height 0.00
2025-04-12 18:33:35,798 - drone_landing - INFO - Successful landing at position 42.79 with height 0.00
2025-04-12 18:33:36,822 - drone_landing - INFO - Successful landing at position 10.77 with height 1.94
2025-04-12 18:33:37,689 - drone_landing - INFO - Failed landing at position 10.02 with height 0.57 (uneven terrain)
2025-04-12 18:33:38,665 - drone_landing - INFO - Failed landing at position 0.10 with height 0.36 (uneven terrain)
2025-04-12 18:33:39,627 - drone_landing - INFO - Failed landing at position 58.91 with height 0.69 (uneven terrain)
2025-04-12 18:33:40,544 - drone_landing - INFO - Successful landing at position 2.38 with height 0.00
2025-04-12 18:33:41,499 - drone_landing - INFO - Successful landing at position 24.96 with height 0.30
2025-04-12 18:33:42,479 - drone_landing - INFO - Successful landing at position 15.09 with height 0.15
2025-04-12 18:33:43,605 - drone_landing - INFO - Successful landing at position 54.37 with height 0.00
2025-04-12 18:33:44,560 - drone_landing - INFO - Episode 410/1000 | Avg Reward: 5.31 | Success Rate: 70.00% | Loss: Policy=0.0000, Value=0.7583, Entropy=0.0002
2025-04-12 18:33:45,164 - drone_landing - INFO - Successful landing at position 43.13 with height 0.00
2025-04-12 18:33:46,028 - drone_landing - INFO - Successful landing at position 74.96 with height 0.66
2025-04-12 18:33:46,884 - drone_landing - INFO - Successful landing at position 53.47 with height 0.00
2025-04-12 18:33:47,818 - drone_landing - INFO - Failed landing at position 66.18 with height 0.72 (uneven terrain)
2025-04-12 18:33:48,718 - drone_landing - INFO - Failed landing at position 5.64 with height 0.68 (uneven terrain)
2025-04-12 18:33:49,648 - drone_landing - INFO - Failed landing at position 56.20 with height 1.31 (uneven terrain)
2025-04-12 18:33:50,489 - drone_landing - INFO - Failed landing at position 50.08 with height 0.00 (uneven terrain)
2025-04-12 18:33:51,455 - drone_landing - INFO - Successful landing at position 95.28 with height 0.00
2025-04-12 18:33:52,274 - drone_landing - INFO - Successful landing at position 20.88 with height 0.10
2025-04-12 18:33:53,064 - drone_landing - INFO - Successful landing at position 77.60 with height 0.66
2025-04-12 18:33:53,753 - drone_landing - INFO - Episode 420/1000 | Avg Reward: 3.82 | Success Rate: 60.00% | Loss: Policy=-0.0004, Value=0.7268, Entropy=0.0032
2025-04-12 18:33:54,387 - drone_landing - INFO - Failed landing at position 49.68 with height 1.04 (uneven terrain)
2025-04-12 18:33:55,119 - drone_landing - INFO - Successful landing at position 33.82 with height 0.00
2025-04-12 18:33:55,912 - drone_landing - INFO - Successful landing at position 87.91 with height 1.44
2025-04-12 18:33:56,649 - drone_landing - INFO - Successful landing at position 53.34 with height 1.20
2025-04-12 18:33:57,395 - drone_landing - INFO - Successful landing at position 92.78 with height 0.00
2025-04-12 18:33:58,190 - drone_landing - INFO - Successful landing at position 84.97 with height 0.00
2025-04-12 18:33:58,969 - drone_landing - INFO - Successful landing at position 51.48 with height 0.00
2025-04-12 18:33:59,764 - drone_landing - INFO - Successful landing at position 12.13 with height 0.00
2025-04-12 18:34:00,556 - drone_landing - INFO - Successful landing at position 80.25 with height 0.00
2025-04-12 18:34:01,340 - drone_landing - INFO - Successful landing at position 49.14 with height 0.00
2025-04-12 18:34:02,046 - drone_landing - INFO - Episode 430/1000 | Avg Reward: 8.32 | Success Rate: 90.00% | Loss: Policy=0.0000, Value=0.8481, Entropy=0.0003
2025-04-12 18:34:02,590 - drone_landing - INFO - Successful landing at position 53.34 with height 1.75
2025-04-12 18:34:03,307 - drone_landing - INFO - Successful landing at position 91.81 with height 0.00
2025-04-12 18:34:04,100 - drone_landing - INFO - Failed landing at position 22.38 with height 0.80 (uneven terrain)
2025-04-12 18:34:04,865 - drone_landing - INFO - Successful landing at position 18.55 with height 0.00
2025-04-12 18:34:05,658 - drone_landing - INFO - Successful landing at position 2.54 with height 0.00
2025-04-12 18:34:06,452 - drone_landing - INFO - Successful landing at position 11.79 with height 0.00
2025-04-12 18:34:07,251 - drone_landing - INFO - Successful landing at position 42.42 with height 0.00
2025-04-12 18:34:08,079 - drone_landing - INFO - Successful landing at position 29.75 with height 0.42
2025-04-12 18:34:08,968 - drone_landing - INFO - Successful landing at position 65.06 with height 0.00
2025-04-12 18:34:09,761 - drone_landing - INFO - Successful landing at position 80.50 with height 0.97
2025-04-12 18:34:10,450 - drone_landing - INFO - Episode 440/1000 | Avg Reward: 8.32 | Success Rate: 90.00% | Loss: Policy=0.0000, Value=0.7508, Entropy=0.0005
2025-04-12 18:34:11,007 - drone_landing - INFO - Successful landing at position 84.11 with height 0.00
2025-04-12 18:34:11,785 - drone_landing - INFO - Successful landing at position 8.71 with height 1.40
2025-04-12 18:34:12,540 - drone_landing - INFO - Successful landing at position 17.09 with height 0.00
2025-04-12 18:34:13,316 - drone_landing - INFO - Successful landing at position 6.46 with height 1.09
2025-04-12 18:34:14,061 - drone_landing - INFO - Successful landing at position 40.19 with height 0.00
2025-04-12 18:34:14,847 - drone_landing - INFO - Failed landing at position 47.66 with height 0.85 (uneven terrain)
2025-04-12 18:34:15,618 - drone_landing - INFO - Successful landing at position 53.59 with height 0.00
2025-04-12 18:34:16,390 - drone_landing - INFO - Failed landing at position 57.75 with height 1.48 (uneven terrain)
2025-04-12 18:34:17,138 - drone_landing - INFO - Successful landing at position 77.49 with height 0.62
2025-04-12 18:34:17,900 - drone_landing - INFO - Failed landing at position 14.21 with height 0.27 (uneven terrain)
2025-04-12 18:34:18,607 - drone_landing - INFO - Episode 450/1000 | Avg Reward: 5.32 | Success Rate: 70.00% | Loss: Policy=-0.0000, Value=0.8287, Entropy=0.0001
2025-04-12 18:34:19,171 - drone_landing - INFO - Failed landing at position 20.19 with height 0.76 (uneven terrain)
2025-04-12 18:34:19,933 - drone_landing - INFO - Failed landing at position 18.82 with height 0.40 (uneven terrain)
2025-04-12 18:34:20,738 - drone_landing - INFO - Failed landing at position 24.46 with height 1.27 (uneven terrain)
2025-04-12 18:34:21,488 - drone_landing - INFO - Successful landing at position 26.61 with height 0.35
2025-04-12 18:34:22,295 - drone_landing - INFO - Successful landing at position 69.48 with height 0.00
2025-04-12 18:34:23,094 - drone_landing - INFO - Successful landing at position 68.06 with height 0.00
2025-04-12 18:34:23,890 - drone_landing - INFO - Successful landing at position 88.40 with height 0.00
2025-04-12 18:34:24,659 - drone_landing - INFO - Successful landing at position 5.29 with height 1.12
2025-04-12 18:34:25,401 - drone_landing - INFO - Successful landing at position 36.25 with height 0.14
2025-04-12 18:34:26,190 - drone_landing - INFO - Successful landing at position 56.67 with height 0.00
2025-04-12 18:34:26,908 - drone_landing - INFO - Episode 460/1000 | Avg Reward: 5.32 | Success Rate: 70.00% | Loss: Policy=0.0000, Value=0.8802, Entropy=0.0017
2025-04-12 18:34:27,455 - drone_landing - INFO - Successful landing at position 89.88 with height 0.00
2025-04-12 18:34:28,244 - drone_landing - INFO - Failed landing at position 21.52 with height 0.40 (uneven terrain)
2025-04-12 18:34:29,047 - drone_landing - INFO - Successful landing at position 97.96 with height 0.00
2025-04-12 18:34:29,831 - drone_landing - INFO - Failed landing at position 55.03 with height 0.34 (uneven terrain)
2025-04-12 18:34:30,615 - drone_landing - INFO - Failed landing at position 63.26 with height 1.05 (uneven terrain)
2025-04-12 18:34:31,362 - drone_landing - INFO - Successful landing at position 71.08 with height 0.42
2025-04-12 18:34:32,161 - drone_landing - INFO - Successful landing at position 78.62 with height 0.00
2025-04-12 18:34:32,934 - drone_landing - INFO - Successful landing at position 42.67 with height 1.63
2025-04-12 18:34:33,746 - drone_landing - INFO - Successful landing at position 55.79 with height 1.30
2025-04-12 18:34:34,515 - drone_landing - INFO - Successful landing at position 58.93 with height 0.00
2025-04-12 18:34:35,232 - drone_landing - INFO - Episode 470/1000 | Avg Reward: 5.32 | Success Rate: 70.00% | Loss: Policy=-0.0001, Value=0.7653, Entropy=0.0017
2025-04-12 18:34:35,869 - drone_landing - INFO - Successful landing at position 4.24 with height 0.00
2025-04-12 18:34:36,652 - drone_landing - INFO - Successful landing at position 84.04 with height 0.00
2025-04-12 18:34:37,445 - drone_landing - INFO - Successful landing at position 59.84 with height 0.00
2025-04-12 18:34:38,251 - drone_landing - INFO - Successful landing at position 22.55 with height 0.34
2025-04-12 18:34:39,035 - drone_landing - INFO - Successful landing at position 34.67 with height 0.68
2025-04-12 18:34:39,804 - drone_landing - INFO - Failed landing at position 53.71 with height 0.22 (uneven terrain)
2025-04-12 18:34:40,607 - drone_landing - INFO - Successful landing at position 62.42 with height 0.00
2025-04-12 18:34:41,392 - drone_landing - INFO - Successful landing at position 11.64 with height 0.88
2025-04-12 18:34:42,169 - drone_landing - INFO - Successful landing at position 48.68 with height 0.00
2025-04-12 18:34:42,952 - drone_landing - INFO - Successful landing at position 78.91 with height 0.11
2025-04-12 18:34:43,669 - drone_landing - INFO - Episode 480/1000 | Avg Reward: 8.31 | Success Rate: 90.00% | Loss: Policy=0.0000, Value=0.7430, Entropy=0.0001
2025-04-12 18:34:44,218 - drone_landing - INFO - Failed landing at position 80.94 with height 0.31 (uneven terrain)
2025-04-12 18:34:44,993 - drone_landing - INFO - Successful landing at position 66.45 with height 1.71
2025-04-12 18:34:45,702 - drone_landing - INFO - Failed landing at position 74.06 with height 1.36 (uneven terrain)
2025-04-12 18:34:46,452 - drone_landing - INFO - Successful landing at position 63.07 with height 0.00
2025-04-12 18:34:47,240 - drone_landing - INFO - Successful landing at position 17.15 with height 0.28
2025-04-12 18:34:48,024 - drone_landing - INFO - Successful landing at position 92.95 with height 0.00
2025-04-12 18:34:48,801 - drone_landing - INFO - Failed landing at position 18.81 with height 0.78 (uneven terrain)
2025-04-12 18:34:49,564 - drone_landing - INFO - Successful landing at position 2.60 with height 0.00
2025-04-12 18:34:50,353 - drone_landing - INFO - Failed landing at position 42.45 with height 0.00 (uneven terrain)
2025-04-12 18:34:51,131 - drone_landing - INFO - Successful landing at position 41.76 with height 0.63
2025-04-12 18:34:51,825 - drone_landing - INFO - Episode 490/1000 | Avg Reward: 3.82 | Success Rate: 60.00% | Loss: Policy=0.0000, Value=0.7731, Entropy=0.0000
2025-04-12 18:34:52,418 - drone_landing - INFO - Successful landing at position 93.73 with height 0.00
2025-04-12 18:34:53,214 - drone_landing - INFO - Failed landing at position 38.65 with height 0.67 (uneven terrain)
2025-04-12 18:34:53,965 - drone_landing - INFO - Failed landing at position 40.94 with height 0.72 (uneven terrain)
2025-04-12 18:34:54,735 - drone_landing - INFO - Successful landing at position 28.94 with height 0.00
2025-04-12 18:34:55,512 - drone_landing - INFO - Successful landing at position 11.52 with height 0.00
2025-04-12 18:34:56,290 - drone_landing - INFO - Successful landing at position 66.53 with height 0.57
2025-04-12 18:34:57,045 - drone_landing - INFO - Failed landing at position 66.84 with height 1.80 (uneven terrain)
2025-04-12 18:34:57,758 - drone_landing - INFO - Successful landing at position 86.76 with height 0.00
2025-04-12 18:34:58,536 - drone_landing - INFO - Failed landing at position 40.37 with height 0.00 (uneven terrain)
2025-04-12 18:34:59,314 - drone_landing - INFO - Successful landing at position 70.39 with height 0.54
2025-04-12 18:35:00,000 - drone_landing - INFO - Episode 500/1000 | Avg Reward: 3.82 | Success Rate: 60.00% | Loss: Policy=0.0002, Value=0.8633, Entropy=0.0026
2025-04-12 18:35:00,562 - drone_landing - INFO - Successful landing at position 28.38 with height 0.00
2025-04-12 18:35:01,331 - drone_landing - INFO - Successful landing at position 73.32 with height 1.76
2025-04-12 18:35:02,038 - drone_landing - INFO - Successful landing at position 92.84 with height 0.00
2025-04-12 18:35:02,821 - drone_landing - INFO - Failed landing at position 64.11 with height 0.85 (uneven terrain)
2025-04-12 18:35:03,581 - drone_landing - INFO - Failed landing at position 51.61 with height 0.31 (uneven terrain)
2025-04-12 18:35:04,364 - drone_landing - INFO - Successful landing at position 15.97 with height 1.13
2025-04-12 18:35:05,096 - drone_landing - INFO - Failed landing at position 22.60 with height 0.39 (uneven terrain)
2025-04-12 18:35:05,871 - drone_landing - INFO - Successful landing at position 81.11 with height 0.00
2025-04-12 18:35:06,656 - drone_landing - INFO - Successful landing at position 96.21 with height 0.00
2025-04-12 18:35:07,439 - drone_landing - INFO - Successful landing at position 16.39 with height 0.58
2025-04-12 18:35:08,126 - drone_landing - INFO - Episode 510/1000 | Avg Reward: 5.32 | Success Rate: 70.00% | Loss: Policy=-0.0000, Value=0.7354, Entropy=0.0005
2025-04-12 18:35:08,669 - drone_landing - INFO - Successful landing at position 93.83 with height 0.00
2025-04-12 18:35:09,449 - drone_landing - INFO - Successful landing at position 97.39 with height 0.00
2025-04-12 18:35:10,225 - drone_landing - INFO - Successful landing at position 0.49 with height 0.00
2025-04-12 18:35:11,016 - drone_landing - INFO - Successful landing at position 51.61 with height 0.00
2025-04-12 18:35:11,790 - drone_landing - INFO - Successful landing at position 42.23 with height 0.00
2025-04-12 18:35:12,583 - drone_landing - INFO - Successful landing at position 50.13 with height 0.00
2025-04-12 18:35:13,366 - drone_landing - INFO - Successful landing at position 63.79 with height 0.00
2025-04-12 18:35:14,152 - drone_landing - INFO - Successful landing at position 81.61 with height 0.51
2025-04-12 18:35:14,910 - drone_landing - INFO - Successful landing at position 6.69 with height 0.51
2025-04-12 18:35:15,687 - drone_landing - INFO - Failed landing at position 69.28 with height 0.73 (uneven terrain)
2025-04-12 18:35:16,372 - drone_landing - INFO - Episode 520/1000 | Avg Reward: 8.31 | Success Rate: 90.00% | Loss: Policy=0.0000, Value=0.7566, Entropy=0.0000
2025-04-12 18:35:16,994 - drone_landing - INFO - Successful landing at position 56.60 with height 0.63
2025-04-12 18:35:17,780 - drone_landing - INFO - Successful landing at position 80.81 with height 0.00
2025-04-12 18:35:18,551 - drone_landing - INFO - Successful landing at position 61.70 with height 1.71
2025-04-12 18:35:19,279 - drone_landing - INFO - Successful landing at position 72.35 with height 0.00
2025-04-12 18:35:20,055 - drone_landing - INFO - Successful landing at position 2.17 with height 0.00
2025-04-12 18:35:20,849 - drone_landing - INFO - Failed landing at position 42.15 with height 0.85 (uneven terrain)
2025-04-12 18:35:21,609 - drone_landing - INFO - Successful landing at position 97.96 with height 0.00
2025-04-12 18:35:22,413 - drone_landing - INFO - Failed landing at position 88.27 with height 0.20 (uneven terrain)
2025-04-12 18:35:23,183 - drone_landing - INFO - Successful landing at position 36.62 with height 1.55
2025-04-12 18:35:23,917 - drone_landing - INFO - Failed landing at position 53.21 with height 0.27 (uneven terrain)
2025-04-12 18:35:24,616 - drone_landing - INFO - Episode 530/1000 | Avg Reward: 5.32 | Success Rate: 70.00% | Loss: Policy=0.0000, Value=0.6817, Entropy=0.0010
2025-04-12 18:35:25,064 - drone_landing - INFO - Failed landing at position 10.54 with height 1.60 (uneven terrain)
2025-04-12 18:35:25,786 - drone_landing - INFO - Failed landing at position 25.97 with height 1.18 (uneven terrain)
2025-04-12 18:35:26,547 - drone_landing - INFO - Successful landing at position 37.09 with height 0.00
2025-04-12 18:35:27,346 - drone_landing - INFO - Successful landing at position 22.46 with height 1.56
2025-04-12 18:35:28,092 - drone_landing - INFO - Successful landing at position 27.20 with height 0.00
2025-04-12 18:35:28,907 - drone_landing - INFO - Successful landing at position 63.35 with height 0.73
2025-04-12 18:35:29,692 - drone_landing - INFO - Failed landing at position 39.02 with height 1.39 (uneven terrain)
2025-04-12 18:35:30,473 - drone_landing - INFO - Successful landing at position 95.22 with height 0.00
2025-04-12 18:35:31,281 - drone_landing - INFO - Successful landing at position 67.79 with height 1.21
2025-04-12 18:35:32,191 - drone_landing - INFO - Successful landing at position 53.94 with height 0.00
2025-04-12 18:35:32,928 - drone_landing - INFO - Episode 540/1000 | Avg Reward: 5.32 | Success Rate: 70.00% | Loss: Policy=0.0001, Value=0.6281, Entropy=0.0003
2025-04-12 18:35:33,398 - drone_landing - INFO - Failed landing at position 35.19 with height 0.78 (uneven terrain)
2025-04-12 18:35:34,210 - drone_landing - INFO - Successful landing at position 33.88 with height 1.79
2025-04-12 18:35:34,960 - drone_landing - INFO - Successful landing at position 16.93 with height 0.00
2025-04-12 18:35:35,854 - drone_landing - INFO - Successful landing at position 71.06 with height 0.00
2025-04-12 18:35:36,657 - drone_landing - INFO - Successful landing at position 42.54 with height 0.97
2025-04-12 18:35:37,443 - drone_landing - INFO - Successful landing at position 42.97 with height 0.00
2025-04-12 18:35:38,229 - drone_landing - INFO - Successful landing at position 87.76 with height 0.00
2025-04-12 18:35:39,028 - drone_landing - INFO - Successful landing at position 14.77 with height 0.00
2025-04-12 18:35:39,811 - drone_landing - INFO - Successful landing at position 5.08 with height 1.03
2025-04-12 18:35:40,565 - drone_landing - INFO - Successful landing at position 28.82 with height 0.00
2025-04-12 18:35:41,270 - drone_landing - INFO - Episode 550/1000 | Avg Reward: 8.32 | Success Rate: 90.00% | Loss: Policy=0.0001, Value=0.8669, Entropy=0.0014
2025-04-12 18:35:41,752 - drone_landing - INFO - Successful landing at position 89.69 with height 0.00
2025-04-12 18:35:42,556 - drone_landing - INFO - Successful landing at position 40.11 with height 0.32
2025-04-12 18:35:43,346 - drone_landing - INFO - Successful landing at position 48.31 with height 1.27
2025-04-12 18:35:44,103 - drone_landing - INFO - Successful landing at position 39.85 with height 0.17
2025-04-12 18:35:44,897 - drone_landing - INFO - Failed landing at position 30.72 with height 0.21 (uneven terrain)
2025-04-12 18:35:45,705 - drone_landing - INFO - Failed landing at position 59.87 with height 1.17 (uneven terrain)
2025-04-12 18:35:46,490 - drone_landing - INFO - Successful landing at position 11.71 with height 0.00
2025-04-12 18:35:47,341 - drone_landing - INFO - Successful landing at position 75.80 with height 1.43
2025-04-12 18:35:48,082 - drone_landing - INFO - Successful landing at position 83.44 with height 0.00
2025-04-12 18:35:48,884 - drone_landing - INFO - Successful landing at position 1.44 with height 0.00
2025-04-12 18:35:49,584 - drone_landing - INFO - Episode 560/1000 | Avg Reward: 6.82 | Success Rate: 80.00% | Loss: Policy=0.0000, Value=0.8082, Entropy=0.0020
2025-04-12 18:35:50,138 - drone_landing - INFO - Failed landing at position 60.34 with height 1.66 (uneven terrain)
2025-04-12 18:35:50,841 - drone_landing - INFO - Failed landing at position 42.33 with height 1.12 (uneven terrain)
2025-04-12 18:35:51,572 - drone_landing - INFO - Failed landing at position 51.40 with height 0.90 (uneven terrain)
2025-04-12 18:35:52,357 - drone_landing - INFO - Failed landing at position 13.07 with height 0.50 (uneven terrain)
2025-04-12 18:35:53,140 - drone_landing - INFO - Failed landing at position 34.96 with height 0.68 (uneven terrain)
2025-04-12 18:35:53,924 - drone_landing - INFO - Successful landing at position 13.59 with height 0.18
2025-04-12 18:35:54,705 - drone_landing - INFO - Failed landing at position 76.97 with height 0.63 (uneven terrain)
2025-04-12 18:35:55,478 - drone_landing - INFO - Successful landing at position 52.03 with height 0.75
2025-04-12 18:35:56,255 - drone_landing - INFO - Successful landing at position 4.76 with height 0.00
2025-04-12 18:35:57,304 - drone_landing - INFO - Failed landing at position 76.45 with height 0.32 (uneven terrain)
2025-04-12 18:35:58,050 - drone_landing - INFO - Episode 570/1000 | Avg Reward: -0.68 | Success Rate: 30.00% | Loss: Policy=-0.0000, Value=0.5737, Entropy=0.0000
2025-04-12 18:35:58,727 - drone_landing - INFO - Successful landing at position 93.92 with height 0.00
2025-04-12 18:36:00,082 - drone_landing - INFO - Successful landing at position 34.40 with height 1.54
2025-04-12 18:36:00,993 - drone_landing - INFO - Successful landing at position 67.67 with height 0.00
2025-04-12 18:36:01,991 - drone_landing - INFO - Successful landing at position 94.79 with height 0.00
2025-04-12 18:36:03,001 - drone_landing - INFO - Successful landing at position 92.88 with height 0.00
2025-04-12 18:36:03,997 - drone_landing - INFO - Successful landing at position 18.98 with height 0.00
2025-04-12 18:36:04,989 - drone_landing - INFO - Successful landing at position 10.30 with height 0.14
2025-04-12 18:36:05,996 - drone_landing - INFO - Successful landing at position 63.56 with height 0.00
2025-04-12 18:36:07,007 - drone_landing - INFO - Successful landing at position 97.43 with height 0.00
2025-04-12 18:36:08,061 - drone_landing - INFO - Successful landing at position 34.80 with height 0.00
2025-04-12 18:36:08,990 - drone_landing - INFO - Episode 580/1000 | Avg Reward: 9.81 | Success Rate: 100.00% | Loss: Policy=0.0000, Value=0.7565, Entropy=0.0000
2025-04-12 18:36:09,470 - drone_landing - INFO - Successful landing at position 83.01 with height 0.00
2025-04-12 18:36:10,314 - drone_landing - INFO - Successful landing at position 73.23 with height 1.70
2025-04-12 18:36:11,072 - drone_landing - INFO - Successful landing at position 49.66 with height 1.49
2025-04-12 18:36:11,879 - drone_landing - INFO - Successful landing at position 80.53 with height 0.00
2025-04-12 18:36:12,740 - drone_landing - INFO - Successful landing at position 41.50 with height 0.00
2025-04-12 18:36:14,069 - drone_landing - INFO - Successful landing at position 3.41 with height 1.22
2025-04-12 18:36:15,192 - drone_landing - INFO - Successful landing at position 82.41 with height 0.00
2025-04-12 18:36:16,387 - drone_landing - INFO - Successful landing at position 62.22 with height 0.00
2025-04-12 18:36:17,574 - drone_landing - INFO - Successful landing at position 83.87 with height 0.00
2025-04-12 18:36:18,690 - drone_landing - INFO - Failed landing at position 12.54 with height 0.86 (uneven terrain)
2025-04-12 18:36:19,679 - drone_landing - INFO - Episode 590/1000 | Avg Reward: 8.32 | Success Rate: 90.00% | Loss: Policy=-0.0000, Value=0.6866, Entropy=0.0000
2025-04-12 18:36:20,231 - drone_landing - INFO - Successful landing at position 63.89 with height 0.98
2025-04-12 18:36:21,394 - drone_landing - INFO - Failed landing at position 76.82 with height 1.79 (uneven terrain)
2025-04-12 18:36:22,612 - drone_landing - INFO - Successful landing at position 15.00 with height 1.11
2025-04-12 18:36:23,751 - drone_landing - INFO - Successful landing at position 8.15 with height 0.00
2025-04-12 18:36:24,855 - drone_landing - INFO - Successful landing at position 35.00 with height 1.08
2025-04-12 18:36:25,835 - drone_landing - INFO - Successful landing at position 98.56 with height 0.00
2025-04-12 18:36:26,846 - drone_landing - INFO - Successful landing at position 98.84 with height 0.00
2025-04-12 18:36:27,880 - drone_landing - INFO - Successful landing at position 38.11 with height 0.64
2025-04-12 18:36:28,880 - drone_landing - INFO - Successful landing at position 49.26 with height 1.99
2025-04-12 18:36:29,931 - drone_landing - INFO - Successful landing at position 96.66 with height 0.00
2025-04-12 18:36:30,979 - drone_landing - INFO - Episode 600/1000 | Avg Reward: 8.32 | Success Rate: 90.00% | Loss: Policy=-0.0000, Value=1.0365, Entropy=0.0000
2025-04-12 18:36:31,663 - drone_landing - INFO - Successful landing at position 69.96 with height 1.80
2025-04-12 18:36:32,739 - drone_landing - INFO - Failed landing at position 47.56 with height 0.80 (uneven terrain)
2025-04-12 18:36:34,124 - drone_landing - INFO - Successful landing at position 69.73 with height 0.00
2025-04-12 18:36:35,471 - drone_landing - INFO - Successful landing at position 85.49 with height 0.00
2025-04-12 18:36:36,601 - drone_landing - INFO - Successful landing at position 25.85 with height 0.00
2025-04-12 18:36:37,703 - drone_landing - INFO - Successful landing at position 29.12 with height 1.29
2025-04-12 18:36:38,769 - drone_landing - INFO - Successful landing at position 54.22 with height 0.00
2025-04-12 18:36:39,972 - drone_landing - INFO - Failed landing at position 8.04 with height 1.38 (uneven terrain)
2025-04-12 18:36:41,102 - drone_landing - INFO - Failed landing at position 88.41 with height 0.60 (uneven terrain)
2025-04-12 18:36:42,259 - drone_landing - INFO - Successful landing at position 44.06 with height 0.00
2025-04-12 18:36:43,358 - drone_landing - INFO - Episode 610/1000 | Avg Reward: 5.32 | Success Rate: 70.00% | Loss: Policy=0.0000, Value=0.7302, Entropy=0.0000
2025-04-12 18:36:44,093 - drone_landing - INFO - Failed landing at position 2.27 with height 0.68 (uneven terrain)
2025-04-12 18:36:45,144 - drone_landing - INFO - Failed landing at position 74.81 with height 0.36 (uneven terrain)
2025-04-12 18:36:46,193 - drone_landing - INFO - Successful landing at position 91.22 with height 0.00
2025-04-12 18:36:47,430 - drone_landing - INFO - Successful landing at position 38.24 with height 0.79
2025-04-12 18:36:48,790 - drone_landing - INFO - Successful landing at position 90.65 with height 0.46
2025-04-12 18:36:50,054 - drone_landing - INFO - Successful landing at position 92.28 with height 0.00
2025-04-12 18:36:51,263 - drone_landing - INFO - Successful landing at position 56.19 with height 0.00
2025-04-12 18:36:52,480 - drone_landing - INFO - Successful landing at position 68.71 with height 0.00
2025-04-12 18:36:53,679 - drone_landing - INFO - Successful landing at position 86.81 with height 0.00
2025-04-12 18:36:54,553 - drone_landing - INFO - Successful landing at position 55.60 with height 0.00
2025-04-12 18:36:55,277 - drone_landing - INFO - Episode 620/1000 | Avg Reward: 6.81 | Success Rate: 80.00% | Loss: Policy=0.0000, Value=0.7965, Entropy=0.0000
2025-04-12 18:36:55,745 - drone_landing - INFO - Successful landing at position 14.57 with height 1.79
2025-04-12 18:36:56,484 - drone_landing - INFO - Successful landing at position 52.24 with height 0.00
2025-04-12 18:36:57,328 - drone_landing - INFO - Successful landing at position 3.66 with height 0.00
2025-04-12 18:36:58,135 - drone_landing - INFO - Successful landing at position 31.16 with height 0.00
2025-04-12 18:36:58,956 - drone_landing - INFO - Successful landing at position 90.45 with height 0.00
2025-04-12 18:36:59,763 - drone_landing - INFO - Failed landing at position 52.79 with height 1.19 (uneven terrain)
2025-04-12 18:37:00,536 - drone_landing - INFO - Successful landing at position 74.56 with height 0.00
2025-04-12 18:37:01,332 - drone_landing - INFO - Successful landing at position 5.58 with height 0.00
2025-04-12 18:37:02,154 - drone_landing - INFO - Successful landing at position 1.82 with height 0.00
2025-04-12 18:37:02,945 - drone_landing - INFO - Successful landing at position 46.98 with height 1.15
2025-04-12 18:37:03,626 - drone_landing - INFO - Episode 630/1000 | Avg Reward: 8.32 | Success Rate: 90.00% | Loss: Policy=0.0000, Value=0.8800, Entropy=0.0000
2025-04-12 18:37:04,192 - drone_landing - INFO - Successful landing at position 37.71 with height 0.00
2025-04-12 18:37:04,989 - drone_landing - INFO - Successful landing at position 40.04 with height 1.20
2025-04-12 18:37:05,819 - drone_landing - INFO - Successful landing at position 9.53 with height 0.88
2025-04-12 18:37:06,694 - drone_landing - INFO - Successful landing at position 90.55 with height 0.00
2025-04-12 18:37:07,613 - drone_landing - INFO - Successful landing at position 59.47 with height 1.06
2025-04-12 18:37:08,496 - drone_landing - INFO - Successful landing at position 18.79 with height 0.70
2025-04-12 18:37:09,397 - drone_landing - INFO - Failed landing at position 46.74 with height 0.36 (uneven terrain)
2025-04-12 18:37:10,277 - drone_landing - INFO - Successful landing at position 14.42 with height 0.90
2025-04-12 18:37:11,149 - drone_landing - INFO - Failed landing at position 15.18 with height 0.44 (uneven terrain)
2025-04-12 18:37:12,097 - drone_landing - INFO - Successful landing at position 26.81 with height 0.00
2025-04-12 18:37:12,953 - drone_landing - INFO - Episode 640/1000 | Avg Reward: 6.82 | Success Rate: 80.00% | Loss: Policy=-0.0000, Value=0.9271, Entropy=0.0009
2025-04-12 18:37:13,576 - drone_landing - INFO - Successful landing at position 42.18 with height 0.00
2025-04-12 18:37:14,623 - drone_landing - INFO - Failed landing at position 31.57 with height 0.28 (uneven terrain)
2025-04-12 18:37:15,435 - drone_landing - INFO - Successful landing at position 16.79 with height 0.56
2025-04-12 18:37:16,226 - drone_landing - INFO - Successful landing at position 21.58 with height 0.00
2025-04-12 18:37:17,023 - drone_landing - INFO - Failed landing at position 26.31 with height 1.80 (uneven terrain)
2025-04-12 18:37:17,759 - drone_landing - INFO - Failed landing at position 46.85 with height 0.52 (uneven terrain)
2025-04-12 18:37:18,548 - drone_landing - INFO - Successful landing at position 57.80 with height 0.83
2025-04-12 18:37:19,399 - drone_landing - INFO - Successful landing at position 10.23 with height 0.00
2025-04-12 18:37:20,261 - drone_landing - INFO - Successful landing at position 47.45 with height 0.36
2025-04-12 18:37:21,109 - drone_landing - INFO - Failed landing at position 65.86 with height 0.68 (uneven terrain)
2025-04-12 18:37:21,906 - drone_landing - INFO - Episode 650/1000 | Avg Reward: 3.82 | Success Rate: 60.00% | Loss: Policy=-0.0000, Value=0.9171, Entropy=0.0000
2025-04-12 18:37:22,457 - drone_landing - INFO - Successful landing at position 15.17 with height 0.00
2025-04-12 18:37:23,412 - drone_landing - INFO - Successful landing at position 22.79 with height 0.00
2025-04-12 18:37:24,328 - drone_landing - INFO - Successful landing at position 92.20 with height 0.00
2025-04-12 18:37:25,233 - drone_landing - INFO - Successful landing at position 31.56 with height 0.51
2025-04-12 18:37:26,155 - drone_landing - INFO - Successful landing at position 6.41 with height 1.83
2025-04-12 18:37:27,004 - drone_landing - INFO - Successful landing at position 94.33 with height 0.00
2025-04-12 18:37:27,892 - drone_landing - INFO - Successful landing at position 97.39 with height 0.00
2025-04-12 18:37:28,876 - drone_landing - INFO - Successful landing at position 28.46 with height 0.00
2025-04-12 18:37:29,783 - drone_landing - INFO - Successful landing at position 54.46 with height 0.70
2025-04-12 18:37:30,606 - drone_landing - INFO - Successful landing at position 82.65 with height 1.64
2025-04-12 18:37:31,261 - drone_landing - INFO - Episode 660/1000 | Avg Reward: 9.82 | Success Rate: 100.00% | Loss: Policy=-0.0000, Value=0.5302, Entropy=0.0016
2025-04-12 18:37:31,816 - drone_landing - INFO - Failed landing at position 86.97 with height 0.21 (uneven terrain)
2025-04-12 18:37:32,612 - drone_landing - INFO - Successful landing at position 37.91 with height 0.76
2025-04-12 18:37:33,403 - drone_landing - INFO - Successful landing at position 34.19 with height 0.31
2025-04-12 18:37:34,213 - drone_landing - INFO - Successful landing at position 4.07 with height 0.00
2025-04-12 18:37:35,054 - drone_landing - INFO - Successful landing at position 21.14 with height 0.00
2025-04-12 18:37:35,859 - drone_landing - INFO - Successful landing at position 7.94 with height 0.00
2025-04-12 18:37:36,664 - drone_landing - INFO - Successful landing at position 69.43 with height 0.00
2025-04-12 18:37:37,473 - drone_landing - INFO - Successful landing at position 20.21 with height 0.00
2025-04-12 18:37:38,280 - drone_landing - INFO - Successful landing at position 31.29 with height 0.00
2025-04-12 18:37:39,072 - drone_landing - INFO - Successful landing at position 40.99 with height 1.03
2025-04-12 18:37:39,758 - drone_landing - INFO - Episode 670/1000 | Avg Reward: 8.31 | Success Rate: 90.00% | Loss: Policy=-0.0000, Value=0.8092, Entropy=0.0001
2025-04-12 18:37:40,212 - drone_landing - INFO - Successful landing at position 62.55 with height 0.77
2025-04-12 18:37:40,996 - drone_landing - INFO - Successful landing at position 91.00 with height 0.00
2025-04-12 18:37:41,816 - drone_landing - INFO - Successful landing at position 80.32 with height 0.00
2025-04-12 18:37:42,621 - drone_landing - INFO - Failed landing at position 36.79 with height 1.12 (uneven terrain)
2025-04-12 18:37:43,385 - drone_landing - INFO - Successful landing at position 8.64 with height 0.00
2025-04-12 18:37:44,175 - drone_landing - INFO - Successful landing at position 22.88 with height 1.96
2025-04-12 18:37:44,910 - drone_landing - INFO - Failed landing at position 17.63 with height 1.18 (uneven terrain)
2025-04-12 18:37:45,680 - drone_landing - INFO - Successful landing at position 46.99 with height 0.00
2025-04-12 18:37:46,486 - drone_landing - INFO - Successful landing at position 0.68 with height 0.00
2025-04-12 18:37:47,293 - drone_landing - INFO - Successful landing at position 50.77 with height 0.00
2025-04-12 18:37:48,026 - drone_landing - INFO - Episode 680/1000 | Avg Reward: 6.82 | Success Rate: 80.00% | Loss: Policy=-0.0001, Value=0.8181, Entropy=0.0013
2025-04-12 18:37:48,488 - drone_landing - INFO - Failed landing at position 61.13 with height 0.71 (uneven terrain)
2025-04-12 18:37:49,262 - drone_landing - INFO - Successful landing at position 21.91 with height 0.00
2025-04-12 18:37:50,068 - drone_landing - INFO - Successful landing at position 43.31 with height 0.00
2025-04-12 18:37:50,867 - drone_landing - INFO - Successful landing at position 98.82 with height 0.00
2025-04-12 18:37:51,673 - drone_landing - INFO - Successful landing at position 43.68 with height 0.00
2025-04-12 18:37:52,471 - drone_landing - INFO - Successful landing at position 7.20 with height 1.31
2025-04-12 18:37:53,234 - drone_landing - INFO - Successful landing at position 64.71 with height 0.40
2025-04-12 18:37:54,039 - drone_landing - INFO - Successful landing at position 31.24 with height 0.00
2025-04-12 18:37:54,846 - drone_landing - INFO - Successful landing at position 54.55 with height 0.00
2025-04-12 18:37:55,640 - drone_landing - INFO - Successful landing at position 38.89 with height 1.08
2025-04-12 18:37:56,337 - drone_landing - INFO - Episode 690/1000 | Avg Reward: 8.32 | Success Rate: 90.00% | Loss: Policy=0.0002, Value=0.8132, Entropy=0.0043
2025-04-12 18:37:56,799 - drone_landing - INFO - Successful landing at position 98.58 with height 0.00
2025-04-12 18:37:57,594 - drone_landing - INFO - Successful landing at position 61.49 with height 0.96
2025-04-12 18:37:58,373 - drone_landing - INFO - Failed landing at position 2.15 with height 1.50 (uneven terrain)
2025-04-12 18:37:59,124 - drone_landing - INFO - Successful landing at position 82.17 with height 0.00
2025-04-12 18:37:59,934 - drone_landing - INFO - Failed landing at position 74.94 with height 0.72 (uneven terrain)
2025-04-12 18:38:00,717 - drone_landing - INFO - Successful landing at position 74.53 with height 0.00
2025-04-12 18:38:01,519 - drone_landing - INFO - Successful landing at position 92.23 with height 0.00
2025-04-12 18:38:02,322 - drone_landing - INFO - Successful landing at position 22.00 with height 0.00
2025-04-12 18:38:03,127 - drone_landing - INFO - Successful landing at position 81.11 with height 0.00
2025-04-12 18:38:03,914 - drone_landing - INFO - Successful landing at position 43.22 with height 1.66
2025-04-12 18:38:04,570 - drone_landing - INFO - Episode 700/1000 | Avg Reward: 6.82 | Success Rate: 80.00% | Loss: Policy=-0.0000, Value=0.7826, Entropy=0.0008
2025-04-12 18:38:05,140 - drone_landing - INFO - Successful landing at position 61.73 with height 0.00
2025-04-12 18:38:05,940 - drone_landing - INFO - Successful landing at position 64.29 with height 0.68
2025-04-12 18:38:06,718 - drone_landing - INFO - Successful landing at position 43.27 with height 1.06
2025-04-12 18:38:07,474 - drone_landing - INFO - Successful landing at position 67.83 with height 0.00
2025-04-12 18:38:08,278 - drone_landing - INFO - Successful landing at position 96.84 with height 0.00
2025-04-12 18:38:09,089 - drone_landing - INFO - Successful landing at position 84.04 with height 0.00
2025-04-12 18:38:09,894 - drone_landing - INFO - Successful landing at position 28.11 with height 0.21
2025-04-12 18:38:10,699 - drone_landing - INFO - Successful landing at position 2.47 with height 0.00
2025-04-12 18:38:11,484 - drone_landing - INFO - Failed landing at position 64.74 with height 1.64 (uneven terrain)
2025-04-12 18:38:12,279 - drone_landing - INFO - Failed landing at position 22.71 with height 1.77 (uneven terrain)
2025-04-12 18:38:12,955 - drone_landing - INFO - Episode 710/1000 | Avg Reward: 6.82 | Success Rate: 80.00% | Loss: Policy=-0.0146, Value=0.7422, Entropy=0.0132
2025-04-12 18:38:13,419 - drone_landing - INFO - Successful landing at position 94.47 with height 0.00
2025-04-12 18:38:14,233 - drone_landing - INFO - Successful landing at position 50.54 with height 0.00
2025-04-12 18:38:15,038 - drone_landing - INFO - Failed landing at position 54.68 with height 0.00 (uneven terrain)
2025-04-12 18:38:15,834 - drone_landing - INFO - Successful landing at position 73.36 with height 1.75
2025-04-12 18:38:16,560 - drone_landing - INFO - Successful landing at position 19.84 with height 1.27
2025-04-12 18:38:17,317 - drone_landing - INFO - Successful landing at position 14.46 with height 1.85
2025-04-12 18:38:18,047 - drone_landing - INFO - Successful landing at position 50.26 with height 1.96
2025-04-12 18:38:18,782 - drone_landing - INFO - Failed landing at position 76.26 with height 0.41 (uneven terrain)
2025-04-12 18:38:19,589 - drone_landing - INFO - Successful landing at position 89.23 with height 0.00
2025-04-12 18:38:20,399 - drone_landing - INFO - Successful landing at position 77.18 with height 0.85
2025-04-12 18:38:21,099 - drone_landing - INFO - Episode 720/1000 | Avg Reward: 6.82 | Success Rate: 80.00% | Loss: Policy=0.0000, Value=0.8872, Entropy=0.0000
2025-04-12 18:38:21,565 - drone_landing - INFO - Successful landing at position 66.98 with height 0.45
2025-04-12 18:38:22,379 - drone_landing - INFO - Successful landing at position 83.62 with height 0.00
2025-04-12 18:38:23,189 - drone_landing - INFO - Successful landing at position 25.05 with height 0.00
2025-04-12 18:38:24,004 - drone_landing - INFO - Successful landing at position 88.17 with height 0.00
2025-04-12 18:38:24,804 - drone_landing - INFO - Successful landing at position 4.09 with height 0.53
2025-04-12 18:38:25,592 - drone_landing - INFO - Successful landing at position 68.66 with height 0.00
2025-04-12 18:38:26,398 - drone_landing - INFO - Successful landing at position 61.79 with height 0.00
2025-04-12 18:38:27,206 - drone_landing - INFO - Successful landing at position 77.88 with height 1.49
2025-04-12 18:38:27,961 - drone_landing - INFO - Successful landing at position 94.85 with height 0.00
2025-04-12 18:38:28,774 - drone_landing - INFO - Successful landing at position 39.70 with height 0.00
2025-04-12 18:38:29,499 - drone_landing - INFO - Episode 730/1000 | Avg Reward: 9.81 | Success Rate: 100.00% | Loss: Policy=0.0000, Value=0.8510, Entropy=0.0009
2025-04-12 18:38:30,060 - drone_landing - INFO - Successful landing at position 77.82 with height 0.00
2025-04-12 18:38:30,866 - drone_landing - INFO - Failed landing at position 93.65 with height 0.00 (uneven terrain)
2025-04-12 18:38:31,669 - drone_landing - INFO - Successful landing at position 64.45 with height 0.00
2025-04-12 18:38:32,477 - drone_landing - INFO - Successful landing at position 3.18 with height 1.20
2025-04-12 18:38:33,224 - drone_landing - INFO - Successful landing at position 37.38 with height 1.07
2025-04-12 18:38:34,015 - drone_landing - INFO - Successful landing at position 62.34 with height 1.47
2025-04-12 18:38:34,815 - drone_landing - INFO - Successful landing at position 47.07 with height 1.18
2025-04-12 18:38:35,795 - drone_landing - INFO - Successful landing at position 89.14 with height 0.16
2025-04-12 18:38:36,899 - drone_landing - INFO - Successful landing at position 3.70 with height 0.00
2025-04-12 18:38:38,018 - drone_landing - INFO - Failed landing at position 38.49 with height 0.30 (uneven terrain)
2025-04-12 18:38:38,932 - drone_landing - INFO - Episode 740/1000 | Avg Reward: 6.82 | Success Rate: 80.00% | Loss: Policy=-0.0000, Value=0.7559, Entropy=0.0000
2025-04-12 18:38:39,543 - drone_landing - INFO - Successful landing at position 88.50 with height 0.00
2025-04-12 18:38:40,513 - drone_landing - INFO - Failed landing at position 18.02 with height 0.27 (uneven terrain)
2025-04-12 18:38:41,501 - drone_landing - INFO - Failed landing at position 38.46 with height 1.53 (uneven terrain)
2025-04-12 18:38:42,315 - drone_landing - INFO - Successful landing at position 88.85 with height 0.00
2025-04-12 18:38:43,314 - drone_landing - INFO - Successful landing at position 83.26 with height 0.59
2025-04-12 18:38:44,336 - drone_landing - INFO - Successful landing at position 4.58 with height 0.00
2025-04-12 18:38:45,243 - drone_landing - INFO - Successful landing at position 86.02 with height 0.00
2025-04-12 18:38:46,144 - drone_landing - INFO - Successful landing at position 71.00 with height 0.00
2025-04-12 18:38:47,023 - drone_landing - INFO - Successful landing at position 19.29 with height 0.00
2025-04-12 18:38:47,909 - drone_landing - INFO - Successful landing at position 94.77 with height 0.00
2025-04-12 18:38:48,739 - drone_landing - INFO - Episode 750/1000 | Avg Reward: 6.81 | Success Rate: 80.00% | Loss: Policy=0.0002, Value=0.8572, Entropy=0.0017
2025-04-12 18:38:49,377 - drone_landing - INFO - Failed landing at position 33.40 with height 0.37 (uneven terrain)
2025-04-12 18:38:50,453 - drone_landing - INFO - Successful landing at position 38.66 with height 0.00
2025-04-12 18:38:51,508 - drone_landing - INFO - Successful landing at position 12.25 with height 0.75
2025-04-12 18:38:52,508 - drone_landing - INFO - Successful landing at position 45.48 with height 1.32
2025-04-12 18:38:53,497 - drone_landing - INFO - Successful landing at position 8.39 with height 0.88
2025-04-12 18:38:54,408 - drone_landing - INFO - Successful landing at position 8.36 with height 0.54
2025-04-12 18:38:55,295 - drone_landing - INFO - Successful landing at position 71.34 with height 0.31
2025-04-12 18:38:56,210 - drone_landing - INFO - Failed landing at position 2.91 with height 0.62 (uneven terrain)
2025-04-12 18:38:57,121 - drone_landing - INFO - Failed landing at position 63.98 with height 0.79 (uneven terrain)
2025-04-12 18:38:58,034 - drone_landing - INFO - Successful landing at position 65.21 with height 0.00
2025-04-12 18:38:58,869 - drone_landing - INFO - Episode 760/1000 | Avg Reward: 5.32 | Success Rate: 70.00% | Loss: Policy=0.0000, Value=0.6447, Entropy=0.0000
2025-04-12 18:38:59,414 - drone_landing - INFO - Successful landing at position 93.47 with height 0.00
2025-04-12 18:39:00,434 - drone_landing - INFO - Successful landing at position 71.86 with height 0.00
2025-04-12 18:39:01,430 - drone_landing - INFO - Failed landing at position 70.16 with height 0.98 (uneven terrain)
2025-04-12 18:39:02,398 - drone_landing - INFO - Successful landing at position 79.52 with height 0.00
2025-04-12 18:39:03,579 - drone_landing - INFO - Successful landing at position 89.37 with height 0.00
2025-04-12 18:39:04,607 - drone_landing - INFO - Successful landing at position 25.72 with height 0.24
2025-04-12 18:39:05,614 - drone_landing - INFO - Successful landing at position 75.32 with height 1.06
2025-04-12 18:39:06,632 - drone_landing - INFO - Successful landing at position 10.83 with height 0.00
2025-04-12 18:39:07,696 - drone_landing - INFO - Successful landing at position 0.41 with height 0.00
2025-04-12 18:39:08,697 - drone_landing - INFO - Failed landing at position 17.70 with height 0.56 (uneven terrain)
2025-04-12 18:39:09,559 - drone_landing - INFO - Episode 770/1000 | Avg Reward: 6.81 | Success Rate: 80.00% | Loss: Policy=-0.0000, Value=0.8267, Entropy=0.0000
2025-04-12 18:39:10,186 - drone_landing - INFO - Successful landing at position 38.40 with height 0.00
2025-04-12 18:39:11,347 - drone_landing - INFO - Failed landing at position 49.46 with height 1.59 (uneven terrain)
2025-04-12 18:39:12,391 - drone_landing - INFO - Successful landing at position 50.83 with height 0.00
2025-04-12 18:39:13,565 - drone_landing - INFO - Successful landing at position 61.71 with height 0.00
2025-04-12 18:39:14,873 - drone_landing - INFO - Successful landing at position 3.63 with height 0.00
2025-04-12 18:39:16,201 - drone_landing - INFO - Successful landing at position 53.53 with height 0.10
2025-04-12 18:39:17,319 - drone_landing - INFO - Successful landing at position 44.85 with height 1.98
2025-04-12 18:39:18,243 - drone_landing - INFO - Failed landing at position 41.80 with height 0.00 (uneven terrain)
2025-04-12 18:39:19,163 - drone_landing - INFO - Successful landing at position 79.14 with height 0.00
2025-04-12 18:39:20,161 - drone_landing - INFO - Successful landing at position 96.15 with height 0.00
2025-04-12 18:39:20,998 - drone_landing - INFO - Episode 780/1000 | Avg Reward: 6.82 | Success Rate: 80.00% | Loss: Policy=0.0000, Value=0.9110, Entropy=0.0014
2025-04-12 18:39:21,614 - drone_landing - INFO - Successful landing at position 43.93 with height 0.00
2025-04-12 18:39:22,996 - drone_landing - INFO - Successful landing at position 33.43 with height 0.49
2025-04-12 18:39:24,247 - drone_landing - INFO - Successful landing at position 50.83 with height 1.30
2025-04-12 18:39:25,455 - drone_landing - INFO - Successful landing at position 19.29 with height 0.24
2025-04-12 18:39:26,787 - drone_landing - INFO - Successful landing at position 58.55 with height 0.00
2025-04-12 18:39:28,147 - drone_landing - INFO - Failed landing at position 18.75 with height 0.58 (uneven terrain)
2025-04-12 18:39:29,271 - drone_landing - INFO - Successful landing at position 97.02 with height 0.00
2025-04-12 18:39:30,296 - drone_landing - INFO - Successful landing at position 37.83 with height 0.00
2025-04-12 18:39:31,310 - drone_landing - INFO - Successful landing at position 75.61 with height 0.00
2025-04-12 18:39:32,338 - drone_landing - INFO - Successful landing at position 60.99 with height 1.06
2025-04-12 18:39:33,208 - drone_landing - INFO - Episode 790/1000 | Avg Reward: 8.32 | Success Rate: 90.00% | Loss: Policy=-0.0000, Value=0.8245, Entropy=0.0001
2025-04-12 18:39:33,866 - drone_landing - INFO - Successful landing at position 89.63 with height 0.00
2025-04-12 18:39:34,934 - drone_landing - INFO - Successful landing at position 15.34 with height 0.00
2025-04-12 18:39:35,984 - drone_landing - INFO - Successful landing at position 12.61 with height 1.05
2025-04-12 18:39:37,033 - drone_landing - INFO - Successful landing at position 20.73 with height 0.00
2025-04-12 18:39:38,308 - drone_landing - INFO - Successful landing at position 63.72 with height 1.27
2025-04-12 18:39:39,559 - drone_landing - INFO - Failed landing at position 34.66 with height 0.54 (uneven terrain)
2025-04-12 18:39:40,649 - drone_landing - INFO - Successful landing at position 96.46 with height 0.00
2025-04-12 18:39:41,712 - drone_landing - INFO - Successful landing at position 30.96 with height 0.00
2025-04-12 18:39:42,786 - drone_landing - INFO - Successful landing at position 34.52 with height 0.82
2025-04-12 18:39:43,826 - drone_landing - INFO - Successful landing at position 90.68 with height 0.00
2025-04-12 18:39:44,801 - drone_landing - INFO - Episode 800/1000 | Avg Reward: 8.31 | Success Rate: 90.00% | Loss: Policy=-0.0009, Value=0.6896, Entropy=0.0151
2025-04-12 18:39:45,377 - drone_landing - INFO - Successful landing at position 34.15 with height 0.00
2025-04-12 18:39:46,537 - drone_landing - INFO - Successful landing at position 4.79 with height 0.00
2025-04-12 18:39:47,585 - drone_landing - INFO - Successful landing at position 96.95 with height 0.00
2025-04-12 18:39:48,684 - drone_landing - INFO - Failed landing at position 29.36 with height 1.55 (uneven terrain)
2025-04-12 18:39:49,630 - drone_landing - INFO - Successful landing at position 81.10 with height 1.25
2025-04-12 18:39:50,665 - drone_landing - INFO - Successful landing at position 67.32 with height 1.98
2025-04-12 18:39:51,643 - drone_landing - INFO - Successful landing at position 80.17 with height 1.04
2025-04-12 18:39:52,569 - drone_landing - INFO - Successful landing at position 58.87 with height 0.00
2025-04-12 18:39:53,581 - drone_landing - INFO - Successful landing at position 97.59 with height 0.00
2025-04-12 18:39:54,639 - drone_landing - INFO - Successful landing at position 94.04 with height 0.00
2025-04-12 18:39:55,669 - drone_landing - INFO - Episode 810/1000 | Avg Reward: 8.32 | Success Rate: 90.00% | Loss: Policy=-0.0002, Value=0.9412, Entropy=0.0048
2025-04-12 18:39:56,320 - drone_landing - INFO - Failed landing at position 66.75 with height 1.79 (uneven terrain)
2025-04-12 18:39:57,364 - drone_landing - INFO - Successful landing at position 84.40 with height 1.68
2025-04-12 18:39:58,316 - drone_landing - INFO - Successful landing at position 43.57 with height 1.17
2025-04-12 18:39:59,335 - drone_landing - INFO - Successful landing at position 69.66 with height 0.00
2025-04-12 18:40:00,413 - drone_landing - INFO - Successful landing at position 95.33 with height 0.00
2025-04-12 18:40:01,663 - drone_landing - INFO - Successful landing at position 63.07 with height 0.00
2025-04-12 18:40:02,932 - drone_landing - INFO - Successful landing at position 70.86 with height 1.91
2025-04-12 18:40:03,999 - drone_landing - INFO - Successful landing at position 72.48 with height 0.00
2025-04-12 18:40:05,175 - drone_landing - INFO - Successful landing at position 8.96 with height 0.00
2025-04-12 18:40:06,411 - drone_landing - INFO - Successful landing at position 9.55 with height 0.00
2025-04-12 18:40:07,368 - drone_landing - INFO - Episode 820/1000 | Avg Reward: 8.32 | Success Rate: 90.00% | Loss: Policy=-0.0010, Value=0.7518, Entropy=0.0082
2025-04-12 18:40:08,051 - drone_landing - INFO - Successful landing at position 96.67 with height 0.00
2025-04-12 18:40:09,030 - drone_landing - INFO - Successful landing at position 7.28 with height 0.00
2025-04-12 18:40:10,003 - drone_landing - INFO - Successful landing at position 87.92 with height 0.00
2025-04-12 18:40:11,019 - drone_landing - INFO - Successful landing at position 10.02 with height 0.00
2025-04-12 18:40:11,987 - drone_landing - INFO - Successful landing at position 4.02 with height 0.00
2025-04-12 18:40:12,934 - drone_landing - INFO - Successful landing at position 1.41 with height 0.00
2025-04-12 18:40:13,861 - drone_landing - INFO - Failed landing at position 13.40 with height 1.92 (uneven terrain)
2025-04-12 18:40:14,798 - drone_landing - INFO - Successful landing at position 78.26 with height 1.20
2025-04-12 18:40:15,846 - drone_landing - INFO - Successful landing at position 43.34 with height 0.00
2025-04-12 18:40:16,944 - drone_landing - INFO - Failed landing at position 14.61 with height 0.32 (uneven terrain)
2025-04-12 18:40:17,883 - drone_landing - INFO - Episode 830/1000 | Avg Reward: 6.81 | Success Rate: 80.00% | Loss: Policy=0.0000, Value=0.8356, Entropy=0.0000
2025-04-12 18:40:18,488 - drone_landing - INFO - Successful landing at position 59.78 with height 0.00
2025-04-12 18:40:19,411 - drone_landing - INFO - Successful landing at position 90.57 with height 0.00
2025-04-12 18:40:20,399 - drone_landing - INFO - Successful landing at position 81.10 with height 0.85
2025-04-12 18:40:21,423 - drone_landing - INFO - Successful landing at position 87.43 with height 0.00
2025-04-12 18:40:22,441 - drone_landing - INFO - Successful landing at position 0.12 with height 0.00
2025-04-12 18:40:23,440 - drone_landing - INFO - Successful landing at position 56.82 with height 0.00
2025-04-12 18:40:24,431 - drone_landing - INFO - Successful landing at position 52.83 with height 0.73
2025-04-12 18:40:25,362 - drone_landing - INFO - Failed landing at position 79.79 with height 0.49 (uneven terrain)
2025-04-12 18:40:26,393 - drone_landing - INFO - Successful landing at position 54.83 with height 0.00
2025-04-12 18:40:27,367 - drone_landing - INFO - Failed landing at position 32.97 with height 0.42 (uneven terrain)
2025-04-12 18:40:28,207 - drone_landing - INFO - Episode 840/1000 | Avg Reward: 6.81 | Success Rate: 80.00% | Loss: Policy=-0.0000, Value=0.4561, Entropy=0.0000
2025-04-12 18:40:28,940 - drone_landing - INFO - Successful landing at position 17.08 with height 0.65
2025-04-12 18:40:29,831 - drone_landing - INFO - Successful landing at position 78.67 with height 0.00
2025-04-12 18:40:30,797 - drone_landing - INFO - Failed landing at position 9.96 with height 0.39 (uneven terrain)
2025-04-12 18:40:31,840 - drone_landing - INFO - Successful landing at position 93.26 with height 0.00
2025-04-12 18:40:32,803 - drone_landing - INFO - Successful landing at position 70.13 with height 0.00
2025-04-12 18:40:33,801 - drone_landing - INFO - Successful landing at position 62.84 with height 0.00
2025-04-12 18:40:34,848 - drone_landing - INFO - Successful landing at position 50.47 with height 0.00
2025-04-12 18:40:35,725 - drone_landing - INFO - Failed landing at position 66.14 with height 0.68 (uneven terrain)
2025-04-12 18:40:36,596 - drone_landing - INFO - Successful landing at position 87.15 with height 0.00
2025-04-12 18:40:37,451 - drone_landing - INFO - Successful landing at position 60.03 with height 0.00
2025-04-12 18:40:38,210 - drone_landing - INFO - Episode 850/1000 | Avg Reward: 6.81 | Success Rate: 80.00% | Loss: Policy=0.0000, Value=0.9068, Entropy=0.0001
2025-04-12 18:40:38,724 - drone_landing - INFO - Successful landing at position 62.84 with height 0.00
2025-04-12 18:40:39,557 - drone_landing - INFO - Successful landing at position 10.57 with height 0.69
2025-04-12 18:40:40,373 - drone_landing - INFO - Failed landing at position 62.85 with height 1.25 (uneven terrain)
2025-04-12 18:40:41,159 - drone_landing - INFO - Successful landing at position 68.65 with height 0.61
2025-04-12 18:40:41,987 - drone_landing - INFO - Successful landing at position 45.94 with height 0.00
2025-04-12 18:40:42,813 - drone_landing - INFO - Successful landing at position 1.12 with height 0.00
2025-04-12 18:40:43,616 - drone_landing - INFO - Successful landing at position 29.71 with height 1.49
2025-04-12 18:40:44,371 - drone_landing - INFO - Failed landing at position 76.82 with height 1.28 (uneven terrain)
2025-04-12 18:40:45,142 - drone_landing - INFO - Successful landing at position 66.00 with height 0.00
2025-04-12 18:40:45,940 - drone_landing - INFO - Successful landing at position 9.23 with height 0.00
2025-04-12 18:40:46,668 - drone_landing - INFO - Episode 860/1000 | Avg Reward: 6.82 | Success Rate: 80.00% | Loss: Policy=0.0000, Value=0.7979, Entropy=0.0000
2025-04-12 18:40:47,237 - drone_landing - INFO - Successful landing at position 10.35 with height 0.00
2025-04-12 18:40:48,045 - drone_landing - INFO - Successful landing at position 93.55 with height 0.00
2025-04-12 18:40:48,847 - drone_landing - INFO - Successful landing at position 27.04 with height 1.07
2025-04-12 18:40:49,608 - drone_landing - INFO - Failed landing at position 12.39 with height 1.09 (uneven terrain)
2025-04-12 18:40:50,688 - drone_landing - INFO - Successful landing at position 51.87 with height 0.00
2025-04-12 18:40:51,729 - drone_landing - INFO - Successful landing at position 95.34 with height 0.00
2025-04-12 18:40:52,761 - drone_landing - INFO - Failed landing at position 33.29 with height 1.41 (uneven terrain)
2025-04-12 18:40:53,578 - drone_landing - INFO - Successful landing at position 65.91 with height 0.72
2025-04-12 18:40:54,428 - drone_landing - INFO - Successful landing at position 45.14 with height 0.00
2025-04-12 18:40:55,351 - drone_landing - INFO - Successful landing at position 49.20 with height 1.29
2025-04-12 18:40:56,187 - drone_landing - INFO - Episode 870/1000 | Avg Reward: 6.82 | Success Rate: 80.00% | Loss: Policy=-0.0000, Value=0.6333, Entropy=0.0000
2025-04-12 18:40:56,719 - drone_landing - INFO - Successful landing at position 1.81 with height 0.00
2025-04-12 18:40:57,627 - drone_landing - INFO - Successful landing at position 30.91 with height 0.62
2025-04-12 18:40:58,578 - drone_landing - INFO - Failed landing at position 62.28 with height 0.35 (uneven terrain)
2025-04-12 18:40:59,634 - drone_landing - INFO - Failed landing at position 24.51 with height 0.67 (uneven terrain)
2025-04-12 18:41:00,614 - drone_landing - INFO - Successful landing at position 96.58 with height 0.00
2025-04-12 18:41:01,621 - drone_landing - INFO - Failed landing at position 81.53 with height 0.61 (uneven terrain)
2025-04-12 18:41:02,593 - drone_landing - INFO - Successful landing at position 43.26 with height 0.00
2025-04-12 18:41:03,607 - drone_landing - INFO - Successful landing at position 85.95 with height 0.00
2025-04-12 18:41:04,583 - drone_landing - INFO - Failed landing at position 81.30 with height 1.56 (uneven terrain)
2025-04-12 18:41:05,394 - drone_landing - INFO - Failed landing at position 66.03 with height 1.32 (uneven terrain)
2025-04-12 18:41:06,169 - drone_landing - INFO - Episode 880/1000 | Avg Reward: 2.32 | Success Rate: 50.00% | Loss: Policy=0.0000, Value=0.5632, Entropy=0.0000
2025-04-12 18:41:06,778 - drone_landing - INFO - Successful landing at position 11.85 with height 0.00
2025-04-12 18:41:07,746 - drone_landing - INFO - Successful landing at position 92.68 with height 0.00
2025-04-12 18:41:08,717 - drone_landing - INFO - Successful landing at position 53.68 with height 0.43
2025-04-12 18:41:09,677 - drone_landing - INFO - Successful landing at position 96.06 with height 0.00
2025-04-12 18:41:10,644 - drone_landing - INFO - Failed landing at position 84.78 with height 0.22 (uneven terrain)
2025-04-12 18:41:11,564 - drone_landing - INFO - Successful landing at position 19.54 with height 0.00
2025-04-12 18:41:12,479 - drone_landing - INFO - Failed landing at position 56.63 with height 0.44 (uneven terrain)
2025-04-12 18:41:13,500 - drone_landing - INFO - Successful landing at position 91.46 with height 0.00
2025-04-12 18:41:14,444 - drone_landing - INFO - Successful landing at position 68.76 with height 0.00
2025-04-12 18:41:15,361 - drone_landing - INFO - Failed landing at position 39.40 with height 0.44 (uneven terrain)
2025-04-12 18:41:16,209 - drone_landing - INFO - Episode 890/1000 | Avg Reward: 5.31 | Success Rate: 70.00% | Loss: Policy=0.0000, Value=0.7660, Entropy=0.0000
2025-04-12 18:41:16,788 - drone_landing - INFO - Successful landing at position 98.62 with height 0.00
2025-04-12 18:41:17,787 - drone_landing - INFO - Successful landing at position 51.47 with height 0.00
2025-04-12 18:41:18,751 - drone_landing - INFO - Successful landing at position 17.70 with height 0.00
2025-04-12 18:41:19,712 - drone_landing - INFO - Failed landing at position 8.90 with height 0.83 (uneven terrain)
2025-04-12 18:41:20,616 - drone_landing - INFO - Successful landing at position 62.15 with height 1.93
2025-04-12 18:41:21,443 - drone_landing - INFO - Successful landing at position 9.23 with height 0.00
2025-04-12 18:41:22,434 - drone_landing - INFO - Successful landing at position 59.92 with height 0.95
2025-04-12 18:41:23,474 - drone_landing - INFO - Successful landing at position 19.70 with height 0.00
2025-04-12 18:41:24,478 - drone_landing - INFO - Successful landing at position 69.09 with height 1.06
2025-04-12 18:41:25,347 - drone_landing - INFO - Successful landing at position 46.30 with height 1.55
2025-04-12 18:41:26,135 - drone_landing - INFO - Episode 900/1000 | Avg Reward: 8.32 | Success Rate: 90.00% | Loss: Policy=-0.0000, Value=0.8782, Entropy=0.0000
2025-04-12 18:41:26,666 - drone_landing - INFO - Successful landing at position 79.61 with height 0.11
2025-04-12 18:41:27,586 - drone_landing - INFO - Failed landing at position 43.76 with height 1.00 (uneven terrain)
2025-04-12 18:41:28,522 - drone_landing - INFO - Successful landing at position 30.05 with height 0.00
2025-04-12 18:41:29,580 - drone_landing - INFO - Successful landing at position 73.25 with height 0.82
2025-04-12 18:41:30,497 - drone_landing - INFO - Successful landing at position 17.88 with height 1.27
2025-04-12 18:41:31,454 - drone_landing - INFO - Successful landing at position 20.45 with height 0.00
2025-04-12 18:41:32,453 - drone_landing - INFO - Successful landing at position 92.32 with height 0.00
2025-04-12 18:41:33,481 - drone_landing - INFO - Failed landing at position 41.74 with height 1.59 (uneven terrain)
2025-04-12 18:41:34,369 - drone_landing - INFO - Successful landing at position 2.07 with height 0.00
2025-04-12 18:41:35,310 - drone_landing - INFO - Successful landing at position 52.51 with height 0.11
2025-04-12 18:41:36,158 - drone_landing - INFO - Episode 910/1000 | Avg Reward: 6.82 | Success Rate: 80.00% | Loss: Policy=-0.0000, Value=0.7722, Entropy=0.0000
2025-04-12 18:41:36,759 - drone_landing - INFO - Failed landing at position 61.88 with height 0.35 (uneven terrain)
2025-04-12 18:41:37,783 - drone_landing - INFO - Successful landing at position 7.18 with height 0.76
2025-04-12 18:41:38,709 - drone_landing - INFO - Successful landing at position 82.76 with height 0.00
2025-04-12 18:41:39,679 - drone_landing - INFO - Failed landing at position 72.51 with height 0.00 (uneven terrain)
2025-04-12 18:41:40,627 - drone_landing - INFO - Successful landing at position 26.13 with height 0.95
2025-04-12 18:41:41,601 - drone_landing - INFO - Failed landing at position 70.33 with height 0.35 (uneven terrain)
2025-04-12 18:41:42,552 - drone_landing - INFO - Successful landing at position 54.50 with height 1.24
2025-04-12 18:41:43,520 - drone_landing - INFO - Successful landing at position 59.55 with height 0.00
2025-04-12 18:41:44,614 - drone_landing - INFO - Failed landing at position 48.21 with height 0.58 (uneven terrain)
2025-04-12 18:41:45,563 - drone_landing - INFO - Successful landing at position 30.57 with height 0.70
2025-04-12 18:41:46,401 - drone_landing - INFO - Episode 920/1000 | Avg Reward: 3.82 | Success Rate: 60.00% | Loss: Policy=0.0000, Value=0.8002, Entropy=0.0001
2025-04-12 18:41:47,020 - drone_landing - INFO - Successful landing at position 64.69 with height 0.19
2025-04-12 18:41:47,998 - drone_landing - INFO - Successful landing at position 6.81 with height 0.65
2025-04-12 18:41:49,019 - drone_landing - INFO - Successful landing at position 67.85 with height 0.00
2025-04-12 18:41:50,106 - drone_landing - INFO - Successful landing at position 91.76 with height 0.00
2025-04-12 18:41:51,159 - drone_landing - INFO - Successful landing at position 41.76 with height 0.00
2025-04-12 18:41:52,191 - drone_landing - INFO - Successful landing at position 60.59 with height 0.00
2025-04-12 18:41:53,179 - drone_landing - INFO - Successful landing at position 94.00 with height 0.00
2025-04-12 18:41:54,162 - drone_landing - INFO - Failed landing at position 32.19 with height 0.00 (uneven terrain)
2025-04-12 18:41:55,170 - drone_landing - INFO - Failed landing at position 35.09 with height 0.27 (uneven terrain)
2025-04-12 18:41:56,215 - drone_landing - INFO - Failed landing at position 42.80 with height 0.00 (uneven terrain)
2025-04-12 18:41:57,128 - drone_landing - INFO - Episode 930/1000 | Avg Reward: 5.31 | Success Rate: 70.00% | Loss: Policy=0.0000, Value=0.7442, Entropy=0.0000
2025-04-12 18:41:57,734 - drone_landing - INFO - Successful landing at position 30.56 with height 1.14
2025-04-12 18:41:58,658 - drone_landing - INFO - Successful landing at position 90.27 with height 0.00
2025-04-12 18:41:59,660 - drone_landing - INFO - Successful landing at position 21.10 with height 0.00
2025-04-12 18:42:00,664 - drone_landing - INFO - Successful landing at position 91.40 with height 0.00
2025-04-12 18:42:01,704 - drone_landing - INFO - Failed landing at position 63.11 with height 0.23 (uneven terrain)
2025-04-12 18:42:02,738 - drone_landing - INFO - Successful landing at position 31.02 with height 1.45
2025-04-12 18:42:03,681 - drone_landing - INFO - Successful landing at position 81.82 with height 0.00
2025-04-12 18:42:04,763 - drone_landing - INFO - Successful landing at position 25.84 with height 1.10
2025-04-12 18:42:05,823 - drone_landing - INFO - Successful landing at position 81.26 with height 0.00
2025-04-12 18:42:06,864 - drone_landing - INFO - Failed landing at position 52.18 with height 0.83 (uneven terrain)
2025-04-12 18:42:07,756 - drone_landing - INFO - Episode 940/1000 | Avg Reward: 6.82 | Success Rate: 80.00% | Loss: Policy=-0.0000, Value=0.6342, Entropy=0.0000
2025-04-12 18:42:08,352 - drone_landing - INFO - Failed landing at position 24.28 with height 1.87 (uneven terrain)
2025-04-12 18:42:09,286 - drone_landing - INFO - Successful landing at position 89.89 with height 0.00
2025-04-12 18:42:10,333 - drone_landing - INFO - Successful landing at position 64.72 with height 0.76
2025-04-12 18:42:11,348 - drone_landing - INFO - Successful landing at position 94.80 with height 0.00
2025-04-12 18:42:12,361 - drone_landing - INFO - Failed landing at position 8.93 with height 0.24 (uneven terrain)
2025-04-12 18:42:13,385 - drone_landing - INFO - Successful landing at position 5.36 with height 0.67
2025-04-12 18:42:14,441 - drone_landing - INFO - Successful landing at position 67.67 with height 0.00
2025-04-12 18:42:15,455 - drone_landing - INFO - Successful landing at position 13.61 with height 0.00
2025-04-12 18:42:16,486 - drone_landing - INFO - Failed landing at position 71.94 with height 0.22 (uneven terrain)
2025-04-12 18:42:17,534 - drone_landing - INFO - Successful landing at position 96.44 with height 0.00
2025-04-12 18:42:18,429 - drone_landing - INFO - Episode 950/1000 | Avg Reward: 5.32 | Success Rate: 70.00% | Loss: Policy=-0.0001, Value=0.8554, Entropy=0.0013
2025-04-12 18:42:18,959 - drone_landing - INFO - Successful landing at position 97.82 with height 0.00
2025-04-12 18:42:19,940 - drone_landing - INFO - Successful landing at position 5.89 with height 0.70
2025-04-12 18:42:20,871 - drone_landing - INFO - Successful landing at position 14.19 with height 1.25
2025-04-12 18:42:21,812 - drone_landing - INFO - Successful landing at position 17.44 with height 0.00
2025-04-12 18:42:22,793 - drone_landing - INFO - Failed landing at position 62.12 with height 0.19 (uneven terrain)
2025-04-12 18:42:23,828 - drone_landing - INFO - Failed landing at position 68.27 with height 1.38 (uneven terrain)
2025-04-12 18:42:24,776 - drone_landing - INFO - Successful landing at position 66.27 with height 0.00
2025-04-12 18:42:25,800 - drone_landing - INFO - Successful landing at position 94.84 with height 0.00
2025-04-12 18:42:26,750 - drone_landing - INFO - Successful landing at position 96.58 with height 0.15
2025-04-12 18:42:27,702 - drone_landing - INFO - Successful landing at position 69.85 with height 0.00
2025-04-12 18:42:28,605 - drone_landing - INFO - Episode 960/1000 | Avg Reward: 6.82 | Success Rate: 80.00% | Loss: Policy=0.0000, Value=0.6428, Entropy=0.0000
2025-04-12 18:42:29,218 - drone_landing - INFO - Successful landing at position 95.13 with height 0.00
2025-04-12 18:42:30,164 - drone_landing - INFO - Failed landing at position 43.03 with height 0.67 (uneven terrain)
2025-04-12 18:42:31,080 - drone_landing - INFO - Failed landing at position 88.68 with height 0.20 (uneven terrain)
2025-04-12 18:42:32,085 - drone_landing - INFO - Successful landing at position 85.82 with height 0.00
2025-04-12 18:42:33,096 - drone_landing - INFO - Successful landing at position 37.76 with height 0.73
2025-04-12 18:42:34,063 - drone_landing - INFO - Successful landing at position 15.37 with height 1.40
2025-04-12 18:42:35,013 - drone_landing - INFO - Failed landing at position 44.11 with height 0.40 (uneven terrain)
2025-04-12 18:42:35,995 - drone_landing - INFO - Successful landing at position 53.94 with height 0.00
2025-04-12 18:42:36,990 - drone_landing - INFO - Failed landing at position 62.14 with height 1.15 (uneven terrain)
2025-04-12 18:42:37,956 - drone_landing - INFO - Failed landing at position 76.34 with height 0.00 (uneven terrain)
2025-04-12 18:42:38,898 - drone_landing - INFO - Episode 970/1000 | Avg Reward: 2.32 | Success Rate: 50.00% | Loss: Policy=-0.0000, Value=0.6695, Entropy=0.0000
2025-04-12 18:42:39,496 - drone_landing - INFO - Successful landing at position 11.83 with height 1.66
2025-04-12 18:42:40,385 - drone_landing - INFO - Successful landing at position 13.21 with height 1.92
2025-04-12 18:42:41,332 - drone_landing - INFO - Successful landing at position 92.91 with height 0.00
2025-04-12 18:42:42,348 - drone_landing - INFO - Successful landing at position 1.42 with height 0.00
2025-04-12 18:42:43,347 - drone_landing - INFO - Successful landing at position 55.13 with height 0.87
2025-04-12 18:42:44,319 - drone_landing - INFO - Failed landing at position 40.11 with height 0.28 (uneven terrain)
2025-04-12 18:42:45,285 - drone_landing - INFO - Successful landing at position 60.95 with height 1.34
2025-04-12 18:42:46,181 - drone_landing - INFO - Successful landing at position 0.58 with height 0.00
2025-04-12 18:42:47,129 - drone_landing - INFO - Failed landing at position 72.57 with height 0.94 (uneven terrain)
2025-04-12 18:42:48,058 - drone_landing - INFO - Successful landing at position 1.38 with height 0.00
2025-04-12 18:42:48,892 - drone_landing - INFO - Episode 980/1000 | Avg Reward: 6.82 | Success Rate: 80.00% | Loss: Policy=-0.0000, Value=0.9620, Entropy=0.0004
2025-04-12 18:42:49,627 - drone_landing - INFO - Successful landing at position 50.32 with height 0.00
2025-04-12 18:42:50,631 - drone_landing - INFO - Successful landing at position 90.01 with height 0.00
2025-04-12 18:42:51,635 - drone_landing - INFO - Successful landing at position 85.97 with height 0.57
2025-04-12 18:42:52,625 - drone_landing - INFO - Successful landing at position 86.06 with height 0.14
2025-04-12 18:42:53,683 - drone_landing - INFO - Failed landing at position 32.38 with height 0.37 (uneven terrain)
2025-04-12 18:42:54,756 - drone_landing - INFO - Failed landing at position 73.11 with height 0.73 (uneven terrain)
2025-04-12 18:42:55,735 - drone_landing - INFO - Successful landing at position 16.84 with height 0.00
2025-04-12 18:42:56,731 - drone_landing - INFO - Successful landing at position 64.38 with height 0.00
2025-04-12 18:42:57,718 - drone_landing - INFO - Successful landing at position 76.50 with height 0.00
2025-04-12 18:42:58,745 - drone_landing - INFO - Successful landing at position 9.24 with height 0.00
2025-04-12 18:42:59,706 - drone_landing - INFO - Episode 990/1000 | Avg Reward: 6.81 | Success Rate: 80.00% | Loss: Policy=-0.0000, Value=0.9105, Entropy=0.0003
2025-04-12 18:43:00,323 - drone_landing - INFO - Failed landing at position 64.38 with height 0.40 (uneven terrain)
2025-04-12 18:43:01,363 - drone_landing - INFO - Failed landing at position 37.74 with height 0.54 (uneven terrain)
2025-04-12 18:43:02,369 - drone_landing - INFO - Successful landing at position 92.17 with height 0.00
2025-04-12 18:43:03,393 - drone_landing - INFO - Failed landing at position 62.27 with height 0.27 (uneven terrain)
2025-04-12 18:43:04,395 - drone_landing - INFO - Successful landing at position 42.87 with height 1.63
2025-04-12 18:43:05,315 - drone_landing - INFO - Successful landing at position 8.68 with height 1.41
2025-04-12 18:43:06,258 - drone_landing - INFO - Successful landing at position 73.36 with height 1.73
2025-04-12 18:43:07,187 - drone_landing - INFO - Successful landing at position 90.57 with height 0.00
2025-04-12 18:43:08,213 - drone_landing - INFO - Failed landing at position 19.20 with height 0.44 (uneven terrain)
2025-04-12 18:43:09,240 - drone_landing - INFO - Successful landing at position 26.51 with height 0.00
2025-04-12 18:43:10,167 - drone_landing - INFO - Episode 1000/1000 | Avg Reward: 3.82 | Success Rate: 60.00% | Loss: Policy=0.0000, Value=0.7529, Entropy=0.0000
2025-04-12 18:43:10,741 - drone_landing - INFO - Training completed!
2025-04-12 18:47:58,165 - drone_landing - INFO - Using device: cpu
2025-04-12 18:47:58,166 - drone_landing - INFO - Training drone landing with model type: resnet50
2025-04-12 18:47:58,820 - drone_landing - INFO - Successful landing at position 82.29 with height 0.00
2025-04-12 18:47:59,101 - drone_landing - INFO - Saved new best model with reward 9.58
2025-04-12 18:47:59,220 - drone_landing - INFO - Successful landing at position 56.17 with height 0.00
2025-04-12 18:47:59,636 - drone_landing - INFO - Successful landing at position 94.83 with height 0.00
2025-04-12 18:47:59,990 - drone_landing - INFO - Successful landing at position 94.18 with height 0.00
2025-04-12 18:48:00,276 - drone_landing - INFO - Successful landing at position 64.90 with height 0.00
2025-04-12 18:48:00,551 - drone_landing - INFO - Successful landing at position 41.28 with height 0.63
2025-04-12 18:48:00,892 - drone_landing - INFO - Successful landing at position 55.95 with height 1.33
2025-04-12 18:48:01,231 - drone_landing - INFO - Successful landing at position 63.42 with height 1.05
2025-04-12 18:48:01,501 - drone_landing - INFO - Successful landing at position 74.71 with height 1.14
2025-04-12 18:48:01,790 - drone_landing - INFO - Failed landing at position 44.46 with height 1.07 (uneven terrain)
2025-04-12 18:48:02,041 - drone_landing - INFO - Episode 10/1000 | Avg Reward: 8.07 | Success Rate: 90.00% | Loss: Policy=0.0280, Value=2.1195, Entropy=0.9582
2025-04-12 18:48:02,764 - drone_landing - INFO - Successful landing at position 60.63 with height 1.66
2025-04-12 18:48:03,134 - drone_landing - INFO - Successful landing at position 33.58 with height 0.00
2025-04-12 18:48:03,481 - drone_landing - INFO - Successful landing at position 32.78 with height 0.00
2025-04-12 18:48:03,779 - drone_landing - INFO - Successful landing at position 30.65 with height 0.00
2025-04-12 18:48:04,028 - drone_landing - INFO - Failed landing at position 43.21 with height 0.79 (uneven terrain)
2025-04-12 18:48:04,294 - drone_landing - INFO - Successful landing at position 6.02 with height 0.00
2025-04-12 18:48:04,583 - drone_landing - INFO - Successful landing at position 0.07 with height 0.00
2025-04-12 18:48:04,880 - drone_landing - INFO - Successful landing at position 11.36 with height 0.00
2025-04-12 18:48:05,134 - drone_landing - INFO - Failed landing at position 0.00 with height 0.00 (uneven terrain)
2025-04-12 18:48:05,409 - drone_landing - INFO - Successful landing at position 21.81 with height 0.73
2025-04-12 18:48:05,666 - drone_landing - INFO - Episode 20/1000 | Avg Reward: 6.64 | Success Rate: 80.00% | Loss: Policy=-0.0147, Value=0.6994, Entropy=0.7788
2025-04-12 18:48:06,185 - drone_landing - INFO - Successful landing at position 49.48 with height 0.85
2025-04-12 18:48:06,438 - drone_landing - INFO - Successful landing at position 0.00 with height 0.00
2025-04-12 18:48:06,682 - drone_landing - INFO - Successful landing at position 62.90 with height 0.00
2025-04-12 18:48:06,908 - drone_landing - INFO - Successful landing at position 75.50 with height 1.06
2025-04-12 18:48:07,118 - drone_landing - INFO - Successful landing at position 33.38 with height 0.00
2025-04-12 18:48:07,321 - drone_landing - INFO - Successful landing at position 53.57 with height 0.00
2025-04-12 18:48:07,514 - drone_landing - INFO - Successful landing at position 39.19 with height 0.31
2025-04-12 18:48:07,707 - drone_landing - INFO - Successful landing at position 51.33 with height 1.74
2025-04-12 18:48:07,910 - drone_landing - INFO - Successful landing at position 81.09 with height 0.16
2025-04-12 18:48:08,098 - drone_landing - INFO - Saved new best model with reward 9.769
2025-04-12 18:48:08,140 - drone_landing - INFO - Successful landing at position 58.68 with height 0.63
2025-04-12 18:48:08,310 - drone_landing - INFO - Episode 30/1000 | Avg Reward: 9.79 | Success Rate: 100.00% | Loss: Policy=-0.0053, Value=0.6211, Entropy=0.1630
2025-04-12 18:48:08,863 - drone_landing - INFO - Saved new best model with reward 9.787
2025-04-12 18:48:08,903 - drone_landing - INFO - Successful landing at position 45.47 with height 1.09
2025-04-12 18:48:09,072 - drone_landing - INFO - Saved new best model with reward 9.802999999999999
2025-04-12 18:48:09,112 - drone_landing - INFO - Failed landing at position 54.21 with height 1.55 (uneven terrain)
2025-04-12 18:48:09,310 - drone_landing - INFO - Successful landing at position 0.60 with height 0.00
2025-04-12 18:48:09,521 - drone_landing - INFO - Successful landing at position 67.63 with height 0.00
2025-04-12 18:48:09,736 - drone_landing - INFO - Successful landing at position 77.34 with height 1.25
2025-04-12 18:48:09,972 - drone_landing - INFO - Successful landing at position 46.44 with height 0.72
2025-04-12 18:48:10,171 - drone_landing - INFO - Successful landing at position 25.12 with height 0.00
2025-04-12 18:48:10,372 - drone_landing - INFO - Successful landing at position 27.20 with height 0.54
2025-04-12 18:48:10,579 - drone_landing - INFO - Successful landing at position 38.80 with height 1.03
2025-04-12 18:48:10,783 - drone_landing - INFO - Successful landing at position 38.61 with height 1.54
2025-04-12 18:48:10,993 - drone_landing - INFO - Episode 40/1000 | Avg Reward: 8.31 | Success Rate: 90.00% | Loss: Policy=-0.0158, Value=1.1325, Entropy=0.5046
2025-04-12 18:48:11,480 - drone_landing - INFO - Successful landing at position 23.34 with height 0.79
2025-04-12 18:48:11,697 - drone_landing - INFO - Successful landing at position 56.75 with height 0.00
2025-04-12 18:48:11,872 - drone_landing - INFO - Successful landing at position 33.43 with height 0.33
2025-04-12 18:48:12,043 - drone_landing - INFO - Successful landing at position 9.63 with height 0.53
2025-04-12 18:48:12,209 - drone_landing - INFO - Failed landing at position 73.21 with height 0.55 (uneven terrain)
2025-04-12 18:48:12,381 - drone_landing - INFO - Failed landing at position 34.63 with height 0.36 (uneven terrain)
2025-04-12 18:48:12,556 - drone_landing - INFO - Successful landing at position 26.69 with height 0.14
2025-04-12 18:48:12,730 - drone_landing - INFO - Successful landing at position 68.52 with height 0.00
2025-04-12 18:48:12,914 - drone_landing - INFO - Failed landing at position 50.29 with height 1.40 (uneven terrain)
2025-04-12 18:48:13,100 - drone_landing - INFO - Successful landing at position 97.48 with height 0.00
2025-04-12 18:48:13,240 - drone_landing - INFO - Episode 50/1000 | Avg Reward: 5.30 | Success Rate: 70.00% | Loss: Policy=0.0139, Value=0.3245, Entropy=0.1522
2025-04-12 18:48:13,798 - drone_landing - INFO - Successful landing at position 2.15 with height 0.00
2025-04-12 18:48:13,977 - drone_landing - INFO - Successful landing at position 78.21 with height 0.00
2025-04-12 18:48:14,169 - drone_landing - INFO - Successful landing at position 64.68 with height 0.95
2025-04-12 18:48:14,358 - drone_landing - INFO - Successful landing at position 14.36 with height 1.70
2025-04-12 18:48:14,524 - drone_landing - INFO - Successful landing at position 25.71 with height 1.03
2025-04-12 18:48:14,701 - drone_landing - INFO - Successful landing at position 11.59 with height 1.86
2025-04-12 18:48:14,864 - drone_landing - INFO - Successful landing at position 5.82 with height 0.31
2025-04-12 18:48:15,043 - drone_landing - INFO - Successful landing at position 3.08 with height 0.00
2025-04-12 18:48:15,215 - drone_landing - INFO - Successful landing at position 81.89 with height 0.97
2025-04-12 18:48:15,387 - drone_landing - INFO - Saved new best model with reward 9.815000000000001
2025-04-12 18:48:15,422 - drone_landing - INFO - Successful landing at position 61.64 with height 1.09
2025-04-12 18:48:15,548 - drone_landing - INFO - Episode 60/1000 | Avg Reward: 9.82 | Success Rate: 100.00% | Loss: Policy=-0.0034, Value=0.5570, Entropy=0.0393
2025-04-12 18:48:16,172 - drone_landing - INFO - Saved new best model with reward 9.818
2025-04-12 18:48:16,220 - drone_landing - INFO - Successful landing at position 97.92 with height 0.00
2025-04-12 18:48:16,416 - drone_landing - INFO - Failed landing at position 11.79 with height 0.72 (uneven terrain)
2025-04-12 18:48:16,598 - drone_landing - INFO - Failed landing at position 51.72 with height 0.60 (uneven terrain)
2025-04-12 18:48:16,781 - drone_landing - INFO - Successful landing at position 28.77 with height 0.00
2025-04-12 18:48:16,958 - drone_landing - INFO - Failed landing at position 26.22 with height 1.55 (uneven terrain)
2025-04-12 18:48:17,134 - drone_landing - INFO - Successful landing at position 57.44 with height 0.00
2025-04-12 18:48:17,325 - drone_landing - INFO - Successful landing at position 89.78 with height 0.00
2025-04-12 18:48:17,520 - drone_landing - INFO - Failed landing at position 90.31 with height 0.33 (uneven terrain)
2025-04-12 18:48:17,700 - drone_landing - INFO - Successful landing at position 42.57 with height 0.00
2025-04-12 18:48:17,880 - drone_landing - INFO - Successful landing at position 27.81 with height 0.57
2025-04-12 18:48:18,019 - drone_landing - INFO - Episode 70/1000 | Avg Reward: 3.82 | Success Rate: 60.00% | Loss: Policy=-0.0000, Value=0.0705, Entropy=0.0001
2025-04-12 18:48:18,543 - drone_landing - INFO - Successful landing at position 64.75 with height 0.81
2025-04-12 18:48:18,725 - drone_landing - INFO - Successful landing at position 26.83 with height 1.09
2025-04-12 18:48:18,905 - drone_landing - INFO - Successful landing at position 71.09 with height 0.00
2025-04-12 18:48:19,098 - drone_landing - INFO - Failed landing at position 82.52 with height 0.35 (uneven terrain)
2025-04-12 18:48:19,279 - drone_landing - INFO - Successful landing at position 96.78 with height 0.00
2025-04-12 18:48:19,464 - drone_landing - INFO - Successful landing at position 48.54 with height 0.00
2025-04-12 18:48:19,642 - drone_landing - INFO - Successful landing at position 80.34 with height 0.00
2025-04-12 18:48:19,820 - drone_landing - INFO - Successful landing at position 71.33 with height 0.17
2025-04-12 18:48:19,992 - drone_landing - INFO - Successful landing at position 86.12 with height 0.00
2025-04-12 18:48:20,167 - drone_landing - INFO - Successful landing at position 91.16 with height 0.00
2025-04-12 18:48:20,298 - drone_landing - INFO - Episode 80/1000 | Avg Reward: 8.31 | Success Rate: 90.00% | Loss: Policy=-0.0001, Value=0.0033, Entropy=0.0006
2025-04-12 18:48:20,844 - drone_landing - INFO - Successful landing at position 26.65 with height 0.85
2025-04-12 18:48:21,011 - drone_landing - INFO - Failed landing at position 19.06 with height 1.92 (uneven terrain)
2025-04-12 18:48:21,181 - drone_landing - INFO - Failed landing at position 75.88 with height 0.25 (uneven terrain)
2025-04-12 18:48:21,360 - drone_landing - INFO - Successful landing at position 70.65 with height 0.36
2025-04-12 18:48:21,540 - drone_landing - INFO - Successful landing at position 73.86 with height 0.00
2025-04-12 18:48:21,708 - drone_landing - INFO - Successful landing at position 28.27 with height 1.80
2025-04-12 18:48:21,871 - drone_landing - INFO - Successful landing at position 65.63 with height 0.21
2025-04-12 18:48:22,044 - drone_landing - INFO - Successful landing at position 77.50 with height 0.83
2025-04-12 18:48:22,216 - drone_landing - INFO - Successful landing at position 85.72 with height 0.00
2025-04-12 18:48:22,388 - drone_landing - INFO - Successful landing at position 8.36 with height 0.92
2025-04-12 18:48:22,517 - drone_landing - INFO - Episode 90/1000 | Avg Reward: 6.82 | Success Rate: 80.00% | Loss: Policy=-0.0000, Value=0.0474, Entropy=0.0003
2025-04-12 18:48:23,036 - drone_landing - INFO - Failed landing at position 10.60 with height 1.40 (uneven terrain)
2025-04-12 18:48:23,200 - drone_landing - INFO - Successful landing at position 17.58 with height 0.00
2025-04-12 18:48:23,368 - drone_landing - INFO - Successful landing at position 81.00 with height 1.14
2025-04-12 18:48:23,535 - drone_landing - INFO - Successful landing at position 63.61 with height 0.00
2025-04-12 18:48:23,711 - drone_landing - INFO - Successful landing at position 29.24 with height 0.00
2025-04-12 18:48:23,881 - drone_landing - INFO - Successful landing at position 23.41 with height 0.72
2025-04-12 18:48:24,050 - drone_landing - INFO - Failed landing at position 62.40 with height 0.24 (uneven terrain)
2025-04-12 18:48:24,225 - drone_landing - INFO - Successful landing at position 48.69 with height 0.00
2025-04-12 18:48:24,405 - drone_landing - INFO - Successful landing at position 52.63 with height 0.00
2025-04-12 18:48:24,579 - drone_landing - INFO - Successful landing at position 67.92 with height 0.43
2025-04-12 18:48:24,714 - drone_landing - INFO - Episode 100/1000 | Avg Reward: 6.82 | Success Rate: 80.00% | Loss: Policy=-0.0000, Value=0.0303, Entropy=0.0002
2025-04-12 18:48:25,356 - drone_landing - INFO - Successful landing at position 23.47 with height 0.00
2025-04-12 18:48:25,538 - drone_landing - INFO - Failed landing at position 11.39 with height 0.37 (uneven terrain)
2025-04-12 18:48:25,722 - drone_landing - INFO - Successful landing at position 95.35 with height 0.00
2025-04-12 18:48:25,905 - drone_landing - INFO - Successful landing at position 13.36 with height 1.19
2025-04-12 18:48:26,084 - drone_landing - INFO - Successful landing at position 37.05 with height 0.22
2025-04-12 18:48:26,265 - drone_landing - INFO - Successful landing at position 46.71 with height 0.98
2025-04-12 18:48:26,443 - drone_landing - INFO - Failed landing at position 85.66 with height 0.61 (uneven terrain)
2025-04-12 18:48:26,622 - drone_landing - INFO - Failed landing at position 86.06 with height 0.34 (uneven terrain)
2025-04-12 18:48:26,802 - drone_landing - INFO - Successful landing at position 63.67 with height 0.00
2025-04-12 18:48:26,979 - drone_landing - INFO - Successful landing at position 34.52 with height 0.00
2025-04-12 18:48:27,120 - drone_landing - INFO - Episode 110/1000 | Avg Reward: 5.31 | Success Rate: 70.00% | Loss: Policy=-0.0000, Value=0.1794, Entropy=0.0002
2025-04-12 18:48:27,660 - drone_landing - INFO - Successful landing at position 36.72 with height 0.00
2025-04-12 18:48:27,875 - drone_landing - INFO - Successful landing at position 30.78 with height 1.87
2025-04-12 18:48:28,060 - drone_landing - INFO - Successful landing at position 24.52 with height 0.14
2025-04-12 18:48:28,235 - drone_landing - INFO - Successful landing at position 52.77 with height 1.06
2025-04-12 18:48:28,407 - drone_landing - INFO - Successful landing at position 97.96 with height 0.00
2025-04-12 18:48:28,578 - drone_landing - INFO - Successful landing at position 80.80 with height 0.93
2025-04-12 18:48:28,748 - drone_landing - INFO - Successful landing at position 46.32 with height 0.73
2025-04-12 18:48:28,913 - drone_landing - INFO - Successful landing at position 12.42 with height 1.08
2025-04-12 18:48:29,076 - drone_landing - INFO - Saved new best model with reward 9.818999999999999
2025-04-12 18:48:29,110 - drone_landing - INFO - Successful landing at position 32.21 with height 1.24
2025-04-12 18:48:29,271 - drone_landing - INFO - Saved new best model with reward 9.821
2025-04-12 18:48:29,316 - drone_landing - INFO - Successful landing at position 85.65 with height 0.00
2025-04-12 18:48:29,468 - drone_landing - INFO - Episode 120/1000 | Avg Reward: 9.82 | Success Rate: 100.00% | Loss: Policy=0.1196, Value=0.0347, Entropy=0.1697
2025-04-12 18:48:30,006 - drone_landing - INFO - Successful landing at position 55.96 with height 1.47
2025-04-12 18:48:30,177 - drone_landing - INFO - Failed landing at position 67.73 with height 0.24 (uneven terrain)
2025-04-12 18:48:30,353 - drone_landing - INFO - Failed landing at position 39.54 with height 0.27 (uneven terrain)
2025-04-12 18:48:30,538 - drone_landing - INFO - Successful landing at position 18.36 with height 0.70
2025-04-12 18:48:30,724 - drone_landing - INFO - Successful landing at position 23.13 with height 0.00
2025-04-12 18:48:30,907 - drone_landing - INFO - Successful landing at position 39.15 with height 1.68
2025-04-12 18:48:31,097 - drone_landing - INFO - Successful landing at position 8.00 with height 0.00
2025-04-12 18:48:31,289 - drone_landing - INFO - Successful landing at position 0.00 with height 0.00
2025-04-12 18:48:31,494 - drone_landing - INFO - Successful landing at position 47.85 with height 0.00
2025-04-12 18:48:31,715 - drone_landing - INFO - Successful landing at position 94.00 with height 0.00
2025-04-12 18:48:31,888 - drone_landing - INFO - Episode 130/1000 | Avg Reward: 6.78 | Success Rate: 80.00% | Loss: Policy=0.0447, Value=0.0340, Entropy=0.7454
2025-04-12 18:48:32,458 - drone_landing - INFO - Successful landing at position 63.10 with height 0.00
2025-04-12 18:48:32,685 - drone_landing - INFO - Successful landing at position 24.53 with height 0.00
2025-04-12 18:48:32,902 - drone_landing - INFO - Successful landing at position 9.26 with height 1.46
2025-04-12 18:48:33,088 - drone_landing - INFO - Successful landing at position 78.09 with height 0.67
2025-04-12 18:48:33,266 - drone_landing - INFO - Successful landing at position 21.14 with height 1.04
2025-04-12 18:48:33,441 - drone_landing - INFO - Successful landing at position 9.32 with height 1.04
2025-04-12 18:48:33,617 - drone_landing - INFO - Failed landing at position 27.95 with height 0.33 (uneven terrain)
2025-04-12 18:48:33,785 - drone_landing - INFO - Successful landing at position 63.44 with height 1.48
2025-04-12 18:48:33,949 - drone_landing - INFO - Failed landing at position 50.31 with height 0.48 (uneven terrain)
2025-04-12 18:48:34,110 - drone_landing - INFO - Successful landing at position 70.05 with height 1.51
2025-04-12 18:48:34,231 - drone_landing - INFO - Episode 140/1000 | Avg Reward: 6.80 | Success Rate: 80.00% | Loss: Policy=-0.0323, Value=0.2309, Entropy=0.1570
2025-04-12 18:48:34,793 - drone_landing - INFO - Successful landing at position 85.52 with height 0.29
2025-04-12 18:48:34,972 - drone_landing - INFO - Successful landing at position 16.29 with height 1.35
2025-04-12 18:48:35,154 - drone_landing - INFO - Successful landing at position 34.56 with height 0.60
2025-04-12 18:48:35,352 - drone_landing - INFO - Successful landing at position 1.00 with height 0.00
2025-04-12 18:48:35,552 - drone_landing - INFO - Successful landing at position 3.14 with height 0.00
2025-04-12 18:48:35,757 - drone_landing - INFO - Successful landing at position 16.10 with height 0.00
2025-04-12 18:48:36,003 - drone_landing - INFO - Failed landing at position 31.13 with height 0.31 (uneven terrain)
2025-04-12 18:48:36,224 - drone_landing - INFO - Failed landing at position 45.81 with height 0.40 (uneven terrain)
2025-04-12 18:48:36,405 - drone_landing - INFO - Successful landing at position 18.42 with height 1.39
2025-04-12 18:48:36,582 - drone_landing - INFO - Successful landing at position 5.20 with height 1.10
2025-04-12 18:48:36,718 - drone_landing - INFO - Episode 150/1000 | Avg Reward: 6.79 | Success Rate: 80.00% | Loss: Policy=0.0664, Value=0.5271, Entropy=0.2362
2025-04-12 18:48:37,401 - drone_landing - INFO - Successful landing at position 82.44 with height 0.00
2025-04-12 18:48:37,590 - drone_landing - INFO - Failed landing at position 80.07 with height 1.04 (uneven terrain)
2025-04-12 18:48:37,772 - drone_landing - INFO - Successful landing at position 88.88 with height 1.20
2025-04-12 18:48:37,960 - drone_landing - INFO - Successful landing at position 50.73 with height 0.00
2025-04-12 18:48:38,144 - drone_landing - INFO - Successful landing at position 31.88 with height 1.18
2025-04-12 18:48:38,334 - drone_landing - INFO - Failed landing at position 33.05 with height 0.20 (uneven terrain)
2025-04-12 18:48:38,575 - drone_landing - INFO - Successful landing at position 56.31 with height 1.10
2025-04-12 18:48:38,856 - drone_landing - INFO - Failed landing at position 64.04 with height 0.74 (uneven terrain)
2025-04-12 18:48:39,095 - drone_landing - INFO - Successful landing at position 74.12 with height 0.00
2025-04-12 18:48:39,328 - drone_landing - INFO - Successful landing at position 86.92 with height 0.00
2025-04-12 18:48:39,508 - drone_landing - INFO - Episode 160/1000 | Avg Reward: 5.26 | Success Rate: 70.00% | Loss: Policy=-0.0229, Value=0.2018, Entropy=0.7008
2025-04-12 18:48:40,086 - drone_landing - INFO - Successful landing at position 41.10 with height 1.51
2025-04-12 18:48:40,317 - drone_landing - INFO - Successful landing at position 24.72 with height 0.29
2025-04-12 18:48:40,536 - drone_landing - INFO - Failed landing at position 58.79 with height 1.52 (uneven terrain)
2025-04-12 18:48:40,717 - drone_landing - INFO - Successful landing at position 47.58 with height 1.13
2025-04-12 18:48:40,892 - drone_landing - INFO - Failed landing at position 20.61 with height 1.48 (uneven terrain)
2025-04-12 18:48:41,076 - drone_landing - INFO - Successful landing at position 37.38 with height 0.00
2025-04-12 18:48:41,253 - drone_landing - INFO - Successful landing at position 57.38 with height 1.58
2025-04-12 18:48:41,425 - drone_landing - INFO - Failed landing at position 24.94 with height 0.91 (uneven terrain)
2025-04-12 18:48:41,605 - drone_landing - INFO - Successful landing at position 78.70 with height 0.82
2025-04-12 18:48:41,784 - drone_landing - INFO - Successful landing at position 56.48 with height 0.00
2025-04-12 18:48:41,922 - drone_landing - INFO - Episode 170/1000 | Avg Reward: 5.30 | Success Rate: 70.00% | Loss: Policy=-0.0224, Value=0.0700, Entropy=0.1246
2025-04-12 18:48:42,469 - drone_landing - INFO - Failed landing at position 5.05 with height 0.62 (uneven terrain)
2025-04-12 18:48:42,647 - drone_landing - INFO - Successful landing at position 25.77 with height 0.25
2025-04-12 18:48:42,825 - drone_landing - INFO - Failed landing at position 69.59 with height 0.91 (uneven terrain)
2025-04-12 18:48:43,006 - drone_landing - INFO - Failed landing at position 29.69 with height 0.36 (uneven terrain)
2025-04-12 18:48:43,191 - drone_landing - INFO - Successful landing at position 33.84 with height 0.00
2025-04-12 18:48:43,377 - drone_landing - INFO - Successful landing at position 39.44 with height 0.00
2025-04-12 18:48:43,609 - drone_landing - INFO - Successful landing at position 10.08 with height 0.00
2025-04-12 18:48:43,802 - drone_landing - INFO - Failed landing at position 62.31 with height 1.23 (uneven terrain)
2025-04-12 18:48:43,994 - drone_landing - INFO - Successful landing at position 14.00 with height 0.00
2025-04-12 18:48:44,216 - drone_landing - INFO - Failed landing at position 27.43 with height 0.21 (uneven terrain)
2025-04-12 18:48:44,413 - drone_landing - INFO - Episode 180/1000 | Avg Reward: 2.30 | Success Rate: 50.00% | Loss: Policy=0.0026, Value=1.6488, Entropy=0.6596
2025-04-12 18:48:44,979 - drone_landing - INFO - Failed landing at position 69.71 with height 0.62 (uneven terrain)
2025-04-12 18:48:45,189 - drone_landing - INFO - Successful landing at position 41.44 with height 1.14
2025-04-12 18:48:45,389 - drone_landing - INFO - Successful landing at position 36.93 with height 1.02
2025-04-12 18:48:45,594 - drone_landing - INFO - Successful landing at position 99.00 with height 0.00
2025-04-12 18:48:45,801 - drone_landing - INFO - Successful landing at position 91.38 with height 0.00
2025-04-12 18:48:45,971 - drone_landing - INFO - Successful landing at position 8.29 with height 1.69
2025-04-12 18:48:46,139 - drone_landing - INFO - Successful landing at position 16.92 with height 1.11
2025-04-12 18:48:46,308 - drone_landing - INFO - Successful landing at position 32.53 with height 1.25
2025-04-12 18:48:46,480 - drone_landing - INFO - Successful landing at position 85.16 with height 0.81
2025-04-12 18:48:46,664 - drone_landing - INFO - Successful landing at position 31.42 with height 0.38
2025-04-12 18:48:46,803 - drone_landing - INFO - Episode 190/1000 | Avg Reward: 8.30 | Success Rate: 90.00% | Loss: Policy=-0.0581, Value=0.1025, Entropy=0.2630
2025-04-12 18:48:47,377 - drone_landing - INFO - Successful landing at position 3.25 with height 0.00
2025-04-12 18:48:47,556 - drone_landing - INFO - Successful landing at position 36.35 with height 0.93
2025-04-12 18:48:47,741 - drone_landing - INFO - Successful landing at position 8.72 with height 0.00
2025-04-12 18:48:47,967 - drone_landing - INFO - Failed landing at position 27.42 with height 0.20 (uneven terrain)
2025-04-12 18:48:48,184 - drone_landing - INFO - Successful landing at position 41.47 with height 0.71
2025-04-12 18:48:48,384 - drone_landing - INFO - Successful landing at position 99.00 with height 0.00
2025-04-12 18:48:48,608 - drone_landing - INFO - Successful landing at position 84.65 with height 0.00
2025-04-12 18:48:48,819 - drone_landing - INFO - Successful landing at position 21.22 with height 2.00
2025-04-12 18:48:48,995 - drone_landing - INFO - Successful landing at position 88.74 with height 0.00
2025-04-12 18:48:49,185 - drone_landing - INFO - Successful landing at position 83.45 with height 0.00
2025-04-12 18:48:49,334 - drone_landing - INFO - Episode 200/1000 | Avg Reward: 8.27 | Success Rate: 90.00% | Loss: Policy=-0.0110, Value=0.2047, Entropy=0.2628
2025-04-12 18:48:50,023 - drone_landing - INFO - Failed landing at position 63.43 with height 0.94 (uneven terrain)
2025-04-12 18:48:50,206 - drone_landing - INFO - Successful landing at position 37.58 with height 0.00
2025-04-12 18:48:50,392 - drone_landing - INFO - Successful landing at position 89.73 with height 0.63
2025-04-12 18:48:50,565 - drone_landing - INFO - Successful landing at position 56.57 with height 0.00
2025-04-12 18:48:50,740 - drone_landing - INFO - Successful landing at position 41.01 with height 0.00
2025-04-12 18:48:50,918 - drone_landing - INFO - Successful landing at position 57.62 with height 0.19
2025-04-12 18:48:51,096 - drone_landing - INFO - Successful landing at position 50.30 with height 0.00
2025-04-12 18:48:51,271 - drone_landing - INFO - Successful landing at position 65.56 with height 0.00
2025-04-12 18:48:51,451 - drone_landing - INFO - Successful landing at position 78.07 with height 1.45
2025-04-12 18:48:51,633 - drone_landing - INFO - Successful landing at position 90.33 with height 0.00
2025-04-12 18:48:51,774 - drone_landing - INFO - Episode 210/1000 | Avg Reward: 8.31 | Success Rate: 90.00% | Loss: Policy=-0.0001, Value=0.4020, Entropy=0.0055
2025-04-12 18:48:52,329 - drone_landing - INFO - Successful landing at position 1.89 with height 0.00
2025-04-12 18:48:52,507 - drone_landing - INFO - Successful landing at position 92.02 with height 0.00
2025-04-12 18:48:52,680 - drone_landing - INFO - Successful landing at position 65.87 with height 1.06
2025-04-12 18:48:52,854 - drone_landing - INFO - Successful landing at position 0.16 with height 0.00
2025-04-12 18:48:53,029 - drone_landing - INFO - Successful landing at position 83.91 with height 0.85
2025-04-12 18:48:53,209 - drone_landing - INFO - Failed landing at position 50.75 with height 0.19 (uneven terrain)
2025-04-12 18:48:53,392 - drone_landing - INFO - Successful landing at position 0.74 with height 0.00
2025-04-12 18:48:53,569 - drone_landing - INFO - Failed landing at position 54.61 with height 0.65 (uneven terrain)
2025-04-12 18:48:53,742 - drone_landing - INFO - Successful landing at position 15.45 with height 0.00
2025-04-12 18:48:53,924 - drone_landing - INFO - Failed landing at position 73.58 with height 0.00 (uneven terrain)
2025-04-12 18:48:54,057 - drone_landing - INFO - Episode 220/1000 | Avg Reward: 5.31 | Success Rate: 70.00% | Loss: Policy=0.0111, Value=2.3691, Entropy=0.0645
2025-04-12 18:48:54,590 - drone_landing - INFO - Successful landing at position 94.10 with height 0.00
2025-04-12 18:48:54,760 - drone_landing - INFO - Failed landing at position 49.58 with height 1.47 (uneven terrain)
2025-04-12 18:48:54,924 - drone_landing - INFO - Successful landing at position 78.34 with height 0.62
2025-04-12 18:48:55,091 - drone_landing - INFO - Successful landing at position 47.90 with height 0.86
2025-04-12 18:48:55,256 - drone_landing - INFO - Failed landing at position 70.12 with height 1.12 (uneven terrain)
2025-04-12 18:48:55,419 - drone_landing - INFO - Successful landing at position 72.33 with height 1.94
2025-04-12 18:48:55,587 - drone_landing - INFO - Successful landing at position 57.31 with height 0.00
2025-04-12 18:48:55,778 - drone_landing - INFO - Successful landing at position 10.53 with height 0.61
2025-04-12 18:48:55,976 - drone_landing - INFO - Successful landing at position 67.26 with height 0.00
2025-04-12 18:48:56,164 - drone_landing - INFO - Failed landing at position 47.56 with height 0.00 (uneven terrain)
2025-04-12 18:48:56,322 - drone_landing - INFO - Episode 230/1000 | Avg Reward: 5.30 | Success Rate: 70.00% | Loss: Policy=0.0306, Value=1.8767, Entropy=0.6832
2025-04-12 18:48:56,893 - drone_landing - INFO - Successful landing at position 29.13 with height 0.29
2025-04-12 18:48:57,128 - drone_landing - INFO - Successful landing at position 33.78 with height 0.00
2025-04-12 18:48:57,353 - drone_landing - INFO - Successful landing at position 98.34 with height 0.00
2025-04-12 18:48:57,550 - drone_landing - INFO - Successful landing at position 40.27 with height 0.00
2025-04-12 18:48:57,768 - drone_landing - INFO - Successful landing at position 72.61 with height 0.00
2025-04-12 18:48:57,988 - drone_landing - INFO - Failed landing at position 59.80 with height 0.00 (uneven terrain)
2025-04-12 18:48:58,192 - drone_landing - INFO - Successful landing at position 39.66 with height 0.00
2025-04-12 18:48:58,390 - drone_landing - INFO - Failed landing at position 49.71 with height 1.54 (uneven terrain)
2025-04-12 18:48:58,592 - drone_landing - INFO - Successful landing at position 44.68 with height 0.00
2025-04-12 18:48:58,783 - drone_landing - INFO - Successful landing at position 70.43 with height 0.00
2025-04-12 18:48:58,927 - drone_landing - INFO - Episode 240/1000 | Avg Reward: 6.78 | Success Rate: 80.00% | Loss: Policy=-0.0160, Value=0.1196, Entropy=0.4392
2025-04-12 18:48:59,576 - drone_landing - INFO - Failed landing at position 77.94 with height 0.20 (uneven terrain)
2025-04-12 18:48:59,756 - drone_landing - INFO - Failed landing at position 73.63 with height 0.68 (uneven terrain)
2025-04-12 18:48:59,938 - drone_landing - INFO - Successful landing at position 21.35 with height 0.99
2025-04-12 18:49:00,134 - drone_landing - INFO - Successful landing at position 12.63 with height 0.89
2025-04-12 18:49:00,339 - drone_landing - INFO - Successful landing at position 58.14 with height 1.06
2025-04-12 18:49:00,518 - drone_landing - INFO - Successful landing at position 69.33 with height 0.00
2025-04-12 18:49:00,690 - drone_landing - INFO - Failed landing at position 14.82 with height 1.46 (uneven terrain)
2025-04-12 18:49:00,862 - drone_landing - INFO - Successful landing at position 46.89 with height 1.55
2025-04-12 18:49:01,040 - drone_landing - INFO - Successful landing at position 39.27 with height 0.00
2025-04-12 18:49:01,227 - drone_landing - INFO - Successful landing at position 6.28 with height 0.88
2025-04-12 18:49:01,368 - drone_landing - INFO - Episode 250/1000 | Avg Reward: 5.31 | Success Rate: 70.00% | Loss: Policy=-0.0270, Value=0.1550, Entropy=0.3935
2025-04-12 18:49:01,932 - drone_landing - INFO - Successful landing at position 56.27 with height 0.88
2025-04-12 18:49:02,119 - drone_landing - INFO - Successful landing at position 31.91 with height 0.61
2025-04-12 18:49:02,312 - drone_landing - INFO - Successful landing at position 67.46 with height 0.44
2025-04-12 18:49:02,545 - drone_landing - INFO - Successful landing at position 28.34 with height 0.00
2025-04-12 18:49:02,812 - drone_landing - INFO - Failed landing at position 10.83 with height 0.00 (uneven terrain)
2025-04-12 18:49:03,028 - drone_landing - INFO - Successful landing at position 20.18 with height 0.00
2025-04-12 18:49:03,227 - drone_landing - INFO - Failed landing at position 80.00 with height 0.50 (uneven terrain)
2025-04-12 18:49:03,416 - drone_landing - INFO - Successful landing at position 8.96 with height 0.94
2025-04-12 18:49:03,602 - drone_landing - INFO - Failed landing at position 57.28 with height 1.01 (uneven terrain)
2025-04-12 18:49:03,771 - drone_landing - INFO - Successful landing at position 43.40 with height 1.57
2025-04-12 18:49:03,910 - drone_landing - INFO - Episode 260/1000 | Avg Reward: 5.28 | Success Rate: 70.00% | Loss: Policy=-0.0524, Value=0.3112, Entropy=0.2372
2025-04-12 18:49:04,469 - drone_landing - INFO - Failed landing at position 64.54 with height 1.33 (uneven terrain)
2025-04-12 18:49:04,649 - drone_landing - INFO - Successful landing at position 67.03 with height 0.00
2025-04-12 18:49:04,835 - drone_landing - INFO - Successful landing at position 12.68 with height 0.44
2025-04-12 18:49:05,015 - drone_landing - INFO - Successful landing at position 96.93 with height 0.00
2025-04-12 18:49:05,187 - drone_landing - INFO - Successful landing at position 59.88 with height 1.77
2025-04-12 18:49:05,359 - drone_landing - INFO - Failed landing at position 46.90 with height 0.00 (uneven terrain)
2025-04-12 18:49:05,537 - drone_landing - INFO - Successful landing at position 7.70 with height 1.21
2025-04-12 18:49:05,708 - drone_landing - INFO - Successful landing at position 88.65 with height 0.93
2025-04-12 18:49:05,887 - drone_landing - INFO - Successful landing at position 7.71 with height 0.00
2025-04-12 18:49:06,064 - drone_landing - INFO - Successful landing at position 94.45 with height 0.00
2025-04-12 18:49:06,215 - drone_landing - INFO - Episode 270/1000 | Avg Reward: 6.81 | Success Rate: 80.00% | Loss: Policy=-0.0007, Value=0.0138, Entropy=0.0090
2025-04-12 18:49:06,784 - drone_landing - INFO - Successful landing at position 82.35 with height 1.73
2025-04-12 18:49:06,955 - drone_landing - INFO - Failed landing at position 29.24 with height 0.87 (uneven terrain)
2025-04-12 18:49:07,140 - drone_landing - INFO - Successful landing at position 4.95 with height 0.00
2025-04-12 18:49:07,326 - drone_landing - INFO - Successful landing at position 15.35 with height 0.52
2025-04-12 18:49:07,510 - drone_landing - INFO - Successful landing at position 21.41 with height 0.00
2025-04-12 18:49:07,692 - drone_landing - INFO - Successful landing at position 12.74 with height 0.00
2025-04-12 18:49:07,876 - drone_landing - INFO - Successful landing at position 69.65 with height 0.67
2025-04-12 18:49:08,067 - drone_landing - INFO - Successful landing at position 98.52 with height 0.00
2025-04-12 18:49:08,275 - drone_landing - INFO - Successful landing at position 76.86 with height 0.67
2025-04-12 18:49:08,456 - drone_landing - INFO - Successful landing at position 10.11 with height 0.00
2025-04-12 18:49:08,609 - drone_landing - INFO - Episode 280/1000 | Avg Reward: 8.31 | Success Rate: 90.00% | Loss: Policy=0.0510, Value=0.0659, Entropy=0.2595
2025-04-12 18:49:09,168 - drone_landing - INFO - Successful landing at position 38.99 with height 1.96
2025-04-12 18:49:09,341 - drone_landing - INFO - Successful landing at position 64.09 with height 0.15
2025-04-12 18:49:09,537 - drone_landing - INFO - Successful landing at position 48.70 with height 0.00
2025-04-12 18:49:09,709 - drone_landing - INFO - Successful landing at position 15.93 with height 1.42
2025-04-12 18:49:09,872 - drone_landing - INFO - Failed landing at position 72.94 with height 1.27 (uneven terrain)
2025-04-12 18:49:10,037 - drone_landing - INFO - Successful landing at position 34.58 with height 0.00
2025-04-12 18:49:10,215 - drone_landing - INFO - Successful landing at position 50.82 with height 0.23
2025-04-12 18:49:10,390 - drone_landing - INFO - Successful landing at position 19.58 with height 1.68
2025-04-12 18:49:10,553 - drone_landing - INFO - Successful landing at position 67.93 with height 1.14
2025-04-12 18:49:10,732 - drone_landing - INFO - Successful landing at position 76.81 with height 0.45
2025-04-12 18:49:10,868 - drone_landing - INFO - Episode 290/1000 | Avg Reward: 8.32 | Success Rate: 90.00% | Loss: Policy=-0.0225, Value=0.0180, Entropy=0.0944
2025-04-12 18:49:11,559 - drone_landing - INFO - Successful landing at position 81.63 with height 0.96
2025-04-12 18:49:11,747 - drone_landing - INFO - Failed landing at position 63.04 with height 0.39 (uneven terrain)
2025-04-12 18:49:11,954 - drone_landing - INFO - Successful landing at position 83.04 with height 0.00
2025-04-12 18:49:12,166 - drone_landing - INFO - Successful landing at position 51.69 with height 0.00
2025-04-12 18:49:12,372 - drone_landing - INFO - Failed landing at position 36.14 with height 1.19 (uneven terrain)
2025-04-12 18:49:12,556 - drone_landing - INFO - Successful landing at position 44.25 with height 0.65
2025-04-12 18:49:12,730 - drone_landing - INFO - Successful landing at position 30.63 with height 0.42
2025-04-12 18:49:12,904 - drone_landing - INFO - Successful landing at position 16.60 with height 1.61
2025-04-12 18:49:13,090 - drone_landing - INFO - Successful landing at position 85.66 with height 0.00
2025-04-12 18:49:13,296 - drone_landing - INFO - Failed landing at position 10.55 with height 0.97 (uneven terrain)
2025-04-12 18:49:13,438 - drone_landing - INFO - Episode 300/1000 | Avg Reward: 5.30 | Success Rate: 70.00% | Loss: Policy=0.0457, Value=2.8667, Entropy=0.2329
2025-04-12 18:49:14,009 - drone_landing - INFO - Successful landing at position 80.86 with height 0.00
2025-04-12 18:49:14,191 - drone_landing - INFO - Successful landing at position 90.75 with height 0.00
2025-04-12 18:49:14,366 - drone_landing - INFO - Failed landing at position 44.05 with height 1.44 (uneven terrain)
2025-04-12 18:49:14,540 - drone_landing - INFO - Successful landing at position 4.14 with height 0.00
2025-04-12 18:49:14,713 - drone_landing - INFO - Successful landing at position 15.84 with height 0.72
2025-04-12 18:49:14,888 - drone_landing - INFO - Successful landing at position 2.43 with height 0.00
2025-04-12 18:49:15,059 - drone_landing - INFO - Failed landing at position 73.00 with height 1.19 (uneven terrain)
2025-04-12 18:49:15,241 - drone_landing - INFO - Successful landing at position 83.28 with height 0.00
2025-04-12 18:49:15,422 - drone_landing - INFO - Successful landing at position 13.37 with height 0.00
2025-04-12 18:49:15,661 - drone_landing - INFO - Successful landing at position 12.09 with height 0.00
2025-04-12 18:49:15,810 - drone_landing - INFO - Episode 310/1000 | Avg Reward: 6.81 | Success Rate: 80.00% | Loss: Policy=0.1136, Value=0.1466, Entropy=0.2004
2025-04-12 18:49:16,376 - drone_landing - INFO - Successful landing at position 66.65 with height 1.68
2025-04-12 18:49:16,551 - drone_landing - INFO - Successful landing at position 65.50 with height 0.00
2025-04-12 18:49:16,732 - drone_landing - INFO - Successful landing at position 4.55 with height 1.02
2025-04-12 18:49:16,895 - drone_landing - INFO - Successful landing at position 43.46 with height 1.14
2025-04-12 18:49:17,069 - drone_landing - INFO - Failed landing at position 30.85 with height 1.36 (uneven terrain)
2025-04-12 18:49:17,247 - drone_landing - INFO - Successful landing at position 90.89 with height 0.00
2025-04-12 18:49:17,426 - drone_landing - INFO - Successful landing at position 94.82 with height 0.00
2025-04-12 18:49:17,605 - drone_landing - INFO - Successful landing at position 87.02 with height 0.00
2025-04-12 18:49:17,781 - drone_landing - INFO - Successful landing at position 98.27 with height 0.00
2025-04-12 18:49:17,956 - drone_landing - INFO - Successful landing at position 22.24 with height 1.06
2025-04-12 18:49:18,088 - drone_landing - INFO - Episode 320/1000 | Avg Reward: 8.32 | Success Rate: 90.00% | Loss: Policy=0.2069, Value=0.1317, Entropy=0.3338
2025-04-12 18:49:18,649 - drone_landing - INFO - Successful landing at position 51.32 with height 0.00
2025-04-12 18:49:18,847 - drone_landing - INFO - Successful landing at position 84.34 with height 0.00
2025-04-12 18:49:19,019 - drone_landing - INFO - Successful landing at position 39.09 with height 1.24
2025-04-12 18:49:19,195 - drone_landing - INFO - Successful landing at position 24.85 with height 0.79
2025-04-12 18:49:19,370 - drone_landing - INFO - Successful landing at position 92.28 with height 0.00
2025-04-12 18:49:19,544 - drone_landing - INFO - Successful landing at position 11.07 with height 0.63
2025-04-12 18:49:19,715 - drone_landing - INFO - Successful landing at position 28.05 with height 0.81
2025-04-12 18:49:19,883 - drone_landing - INFO - Successful landing at position 37.68 with height 0.54
2025-04-12 18:49:20,054 - drone_landing - INFO - Successful landing at position 1.40 with height 0.00
2025-04-12 18:49:20,239 - drone_landing - INFO - Failed landing at position 47.44 with height 1.24 (uneven terrain)
2025-04-12 18:49:20,375 - drone_landing - INFO - Episode 330/1000 | Avg Reward: 8.31 | Success Rate: 90.00% | Loss: Policy=0.0024, Value=2.8482, Entropy=0.0112
2025-04-12 18:49:20,937 - drone_landing - INFO - Successful landing at position 3.17 with height 0.00
2025-04-12 18:49:21,109 - drone_landing - INFO - Successful landing at position 93.36 with height 0.00
2025-04-12 18:49:21,277 - drone_landing - INFO - Failed landing at position 17.67 with height 1.46 (uneven terrain)
2025-04-12 18:49:21,442 - drone_landing - INFO - Successful landing at position 79.33 with height 0.00
2025-04-12 18:49:21,609 - drone_landing - INFO - Successful landing at position 51.35 with height 1.17
2025-04-12 18:49:21,783 - drone_landing - INFO - Successful landing at position 30.16 with height 1.00
2025-04-12 18:49:21,962 - drone_landing - INFO - Successful landing at position 60.48 with height 0.00
2025-04-12 18:49:22,170 - drone_landing - INFO - Successful landing at position 59.06 with height 0.62
2025-04-12 18:49:22,354 - drone_landing - INFO - Successful landing at position 19.52 with height 0.16
2025-04-12 18:49:22,529 - drone_landing - INFO - Failed landing at position 48.36 with height 0.22 (uneven terrain)
2025-04-12 18:49:22,664 - drone_landing - INFO - Episode 340/1000 | Avg Reward: 6.81 | Success Rate: 80.00% | Loss: Policy=0.0390, Value=2.6124, Entropy=0.1030
2025-04-12 18:49:23,361 - drone_landing - INFO - Successful landing at position 20.79 with height 0.00
2025-04-12 18:49:23,554 - drone_landing - INFO - Successful landing at position 36.70 with height 0.00
2025-04-12 18:49:23,736 - drone_landing - INFO - Successful landing at position 54.35 with height 0.96
2025-04-12 18:49:23,939 - drone_landing - INFO - Failed landing at position 7.55 with height 0.73 (uneven terrain)
2025-04-12 18:49:24,167 - drone_landing - INFO - Successful landing at position 29.25 with height 0.00
2025-04-12 18:49:24,372 - drone_landing - INFO - Failed landing at position 12.11 with height 0.38 (uneven terrain)
2025-04-12 18:49:24,564 - drone_landing - INFO - Failed landing at position 82.54 with height 0.28 (uneven terrain)
2025-04-12 18:49:24,752 - drone_landing - INFO - Failed landing at position 13.77 with height 0.93 (uneven terrain)
2025-04-12 18:49:24,931 - drone_landing - INFO - Failed landing at position 41.31 with height 1.13 (uneven terrain)
2025-04-12 18:49:25,115 - drone_landing - INFO - Successful landing at position 90.96 with height 0.00
2025-04-12 18:49:25,256 - drone_landing - INFO - Episode 350/1000 | Avg Reward: 2.30 | Success Rate: 50.00% | Loss: Policy=0.0000, Value=0.8480, Entropy=0.0009
2025-04-12 18:49:25,843 - drone_landing - INFO - Successful landing at position 71.19 with height 1.41
2025-04-12 18:49:26,039 - drone_landing - INFO - Successful landing at position 60.39 with height 0.15
2025-04-12 18:49:26,224 - drone_landing - INFO - Successful landing at position 74.54 with height 0.00
2025-04-12 18:49:26,405 - drone_landing - INFO - Successful landing at position 9.49 with height 1.26
2025-04-12 18:49:26,583 - drone_landing - INFO - Failed landing at position 14.37 with height 1.03 (uneven terrain)
2025-04-12 18:49:26,767 - drone_landing - INFO - Successful landing at position 1.91 with height 0.00
2025-04-12 18:49:26,950 - drone_landing - INFO - Successful landing at position 96.11 with height 0.00
2025-04-12 18:49:27,133 - drone_landing - INFO - Successful landing at position 91.11 with height 0.00
2025-04-12 18:49:27,320 - drone_landing - INFO - Successful landing at position 37.39 with height 0.82
2025-04-12 18:49:27,499 - drone_landing - INFO - Successful landing at position 95.51 with height 0.00
2025-04-12 18:49:27,641 - drone_landing - INFO - Episode 360/1000 | Avg Reward: 8.31 | Success Rate: 90.00% | Loss: Policy=-0.0002, Value=0.1131, Entropy=0.0011
2025-04-12 18:49:28,272 - drone_landing - INFO - Successful landing at position 25.53 with height 0.00
2025-04-12 18:49:28,461 - drone_landing - INFO - Failed landing at position 19.41 with height 0.91 (uneven terrain)
2025-04-12 18:49:28,640 - drone_landing - INFO - Successful landing at position 25.51 with height 0.00
2025-04-12 18:49:28,821 - drone_landing - INFO - Successful landing at position 7.69 with height 0.00
2025-04-12 18:49:29,008 - drone_landing - INFO - Successful landing at position 62.87 with height 0.69
2025-04-12 18:49:29,201 - drone_landing - INFO - Failed landing at position 19.60 with height 0.42 (uneven terrain)
2025-04-12 18:49:29,383 - drone_landing - INFO - Failed landing at position 19.23 with height 0.69 (uneven terrain)
2025-04-12 18:49:29,569 - drone_landing - INFO - Successful landing at position 70.16 with height 1.41
2025-04-12 18:49:29,757 - drone_landing - INFO - Successful landing at position 88.20 with height 0.00
2025-04-12 18:49:29,945 - drone_landing - INFO - Successful landing at position 61.36 with height 1.45
2025-04-12 18:49:30,086 - drone_landing - INFO - Episode 370/1000 | Avg Reward: 5.32 | Success Rate: 70.00% | Loss: Policy=-0.0000, Value=0.2764, Entropy=0.0000
2025-04-12 18:49:30,631 - drone_landing - INFO - Successful landing at position 60.81 with height 0.00
2025-04-12 18:49:30,813 - drone_landing - INFO - Failed landing at position 74.51 with height 0.00 (uneven terrain)
2025-04-12 18:49:30,992 - drone_landing - INFO - Successful landing at position 36.01 with height 0.76
2025-04-12 18:49:31,173 - drone_landing - INFO - Failed landing at position 90.92 with height 0.69 (uneven terrain)
2025-04-12 18:49:31,386 - drone_landing - INFO - Successful landing at position 90.32 with height 0.00
2025-04-12 18:49:31,568 - drone_landing - INFO - Successful landing at position 40.02 with height 0.00
2025-04-12 18:49:31,739 - drone_landing - INFO - Successful landing at position 69.20 with height 0.00
2025-04-12 18:49:31,910 - drone_landing - INFO - Successful landing at position 46.11 with height 0.00
2025-04-12 18:49:32,083 - drone_landing - INFO - Successful landing at position 79.70 with height 0.00
2025-04-12 18:49:32,279 - drone_landing - INFO - Failed landing at position 10.44 with height 0.00 (uneven terrain)
2025-04-12 18:49:32,412 - drone_landing - INFO - Episode 380/1000 | Avg Reward: 5.31 | Success Rate: 70.00% | Loss: Policy=0.0001, Value=1.2590, Entropy=0.0009
2025-04-12 18:49:33,073 - drone_landing - INFO - Failed landing at position 7.92 with height 0.44 (uneven terrain)
2025-04-12 18:49:33,252 - drone_landing - INFO - Successful landing at position 94.48 with height 0.00
2025-04-12 18:49:33,434 - drone_landing - INFO - Successful landing at position 52.72 with height 0.00
2025-04-12 18:49:33,613 - drone_landing - INFO - Successful landing at position 32.70 with height 0.00
2025-04-12 18:49:33,795 - drone_landing - INFO - Successful landing at position 81.66 with height 0.00
2025-04-12 18:49:33,976 - drone_landing - INFO - Successful landing at position 98.77 with height 0.00
2025-04-12 18:49:34,168 - drone_landing - INFO - Failed landing at position 69.73 with height 0.42 (uneven terrain)
2025-04-12 18:49:34,351 - drone_landing - INFO - Successful landing at position 53.87 with height 0.78
2025-04-12 18:49:34,541 - drone_landing - INFO - Successful landing at position 96.96 with height 0.00
2025-04-12 18:49:34,743 - drone_landing - INFO - Successful landing at position 63.01 with height 0.00
2025-04-12 18:49:34,894 - drone_landing - INFO - Episode 390/1000 | Avg Reward: 6.81 | Success Rate: 80.00% | Loss: Policy=0.0000, Value=0.0795, Entropy=0.0000
2025-04-12 18:49:35,470 - drone_landing - INFO - Failed landing at position 40.54 with height 1.62 (uneven terrain)
2025-04-12 18:49:35,642 - drone_landing - INFO - Failed landing at position 76.11 with height 0.00 (uneven terrain)
2025-04-12 18:49:35,815 - drone_landing - INFO - Successful landing at position 78.35 with height 0.00
2025-04-12 18:49:35,980 - drone_landing - INFO - Successful landing at position 37.55 with height 0.99
2025-04-12 18:49:36,151 - drone_landing - INFO - Successful landing at position 48.95 with height 0.00
2025-04-12 18:49:36,338 - drone_landing - INFO - Failed landing at position 33.06 with height 0.72 (uneven terrain)
2025-04-12 18:49:36,517 - drone_landing - INFO - Successful landing at position 39.32 with height 0.00
2025-04-12 18:49:36,702 - drone_landing - INFO - Failed landing at position 20.37 with height 0.31 (uneven terrain)
2025-04-12 18:49:36,886 - drone_landing - INFO - Successful landing at position 75.31 with height 0.58
2025-04-12 18:49:37,059 - drone_landing - INFO - Failed landing at position 21.35 with height 1.24 (uneven terrain)
2025-04-12 18:49:37,205 - drone_landing - INFO - Episode 400/1000 | Avg Reward: 2.32 | Success Rate: 50.00% | Loss: Policy=0.0000, Value=1.1647, Entropy=0.0000
2025-04-12 18:49:37,797 - drone_landing - INFO - Successful landing at position 79.64 with height 0.00
2025-04-12 18:49:37,973 - drone_landing - INFO - Failed landing at position 54.00 with height 0.38 (uneven terrain)
2025-04-12 18:49:38,149 - drone_landing - INFO - Successful landing at position 44.36 with height 1.10
2025-04-12 18:49:38,325 - drone_landing - INFO - Successful landing at position 4.77 with height 0.00
2025-04-12 18:49:38,499 - drone_landing - INFO - Failed landing at position 15.51 with height 1.94 (uneven terrain)
2025-04-12 18:49:38,666 - drone_landing - INFO - Successful landing at position 13.03 with height 0.18
2025-04-12 18:49:38,848 - drone_landing - INFO - Successful landing at position 18.40 with height 0.00
2025-04-12 18:49:39,027 - drone_landing - INFO - Successful landing at position 79.26 with height 0.41
2025-04-12 18:49:39,210 - drone_landing - INFO - Successful landing at position 68.09 with height 0.00
2025-04-12 18:49:39,400 - drone_landing - INFO - Failed landing at position 24.21 with height 0.00 (uneven terrain)
2025-04-12 18:49:39,547 - drone_landing - INFO - Episode 410/1000 | Avg Reward: 5.32 | Success Rate: 70.00% | Loss: Policy=0.0000, Value=0.1195, Entropy=0.0000
2025-04-12 18:49:40,110 - drone_landing - INFO - Successful landing at position 2.72 with height 0.00
2025-04-12 18:49:40,287 - drone_landing - INFO - Failed landing at position 55.97 with height 1.33 (uneven terrain)
2025-04-12 18:49:40,458 - drone_landing - INFO - Failed landing at position 63.41 with height 0.00 (uneven terrain)
2025-04-12 18:49:40,640 - drone_landing - INFO - Successful landing at position 80.02 with height 0.00
2025-04-12 18:49:40,820 - drone_landing - INFO - Successful landing at position 93.25 with height 0.00
2025-04-12 18:49:41,006 - drone_landing - INFO - Successful landing at position 77.01 with height 1.34
2025-04-12 18:49:41,183 - drone_landing - INFO - Successful landing at position 66.44 with height 0.00
2025-04-12 18:49:41,347 - drone_landing - INFO - Successful landing at position 56.11 with height 1.86
2025-04-12 18:49:41,507 - drone_landing - INFO - Failed landing at position 35.49 with height 0.83 (uneven terrain)
2025-04-12 18:49:41,675 - drone_landing - INFO - Successful landing at position 2.40 with height 0.00
2025-04-12 18:49:41,810 - drone_landing - INFO - Episode 420/1000 | Avg Reward: 5.32 | Success Rate: 70.00% | Loss: Policy=-0.0012, Value=0.0556, Entropy=0.0003
2025-04-12 18:49:42,363 - drone_landing - INFO - Failed landing at position 76.75 with height 1.50 (uneven terrain)
2025-04-12 18:49:42,533 - drone_landing - INFO - Successful landing at position 21.54 with height 1.04
2025-04-12 18:49:42,713 - drone_landing - INFO - Failed landing at position 31.00 with height 0.00 (uneven terrain)
2025-04-12 18:49:42,888 - drone_landing - INFO - Successful landing at position 98.08 with height 0.00
2025-04-12 18:49:43,067 - drone_landing - INFO - Failed landing at position 44.99 with height 0.40 (uneven terrain)
2025-04-12 18:49:43,258 - drone_landing - INFO - Failed landing at position 52.71 with height 0.00 (uneven terrain)
2025-04-12 18:49:43,440 - drone_landing - INFO - Failed landing at position 92.92 with height 0.27 (uneven terrain)
2025-04-12 18:49:43,619 - drone_landing - INFO - Successful landing at position 47.74 with height 1.38
2025-04-12 18:49:43,791 - drone_landing - INFO - Successful landing at position 70.40 with height 0.00
2025-04-12 18:49:43,972 - drone_landing - INFO - Successful landing at position 72.82 with height 0.00
2025-04-12 18:49:44,113 - drone_landing - INFO - Episode 430/1000 | Avg Reward: 2.32 | Success Rate: 50.00% | Loss: Policy=-0.0000, Value=0.0803, Entropy=0.0000
2025-04-12 18:49:44,806 - drone_landing - INFO - Successful landing at position 13.29 with height 0.00
2025-04-12 18:49:44,985 - drone_landing - INFO - Successful landing at position 58.73 with height 1.50
2025-04-12 18:49:45,154 - drone_landing - INFO - Failed landing at position 59.77 with height 1.74 (uneven terrain)
2025-04-12 18:49:45,330 - drone_landing - INFO - Failed landing at position 48.92 with height 1.06 (uneven terrain)
2025-04-12 18:49:45,515 - drone_landing - INFO - Successful landing at position 88.91 with height 0.00
2025-04-12 18:49:45,705 - drone_landing - INFO - Successful landing at position 35.77 with height 0.00
2025-04-12 18:49:45,897 - drone_landing - INFO - Successful landing at position 45.85 with height 0.62
2025-04-12 18:49:46,086 - drone_landing - INFO - Successful landing at position 68.49 with height 0.00
2025-04-12 18:49:46,273 - drone_landing - INFO - Failed landing at position 23.14 with height 0.50 (uneven terrain)
2025-04-12 18:49:46,459 - drone_landing - INFO - Successful landing at position 54.04 with height 0.00
2025-04-12 18:49:46,641 - drone_landing - INFO - Episode 440/1000 | Avg Reward: 5.32 | Success Rate: 70.00% | Loss: Policy=-0.0000, Value=0.0904, Entropy=0.0000
2025-04-12 18:49:47,199 - drone_landing - INFO - Successful landing at position 67.02 with height 0.00
2025-04-12 18:49:47,388 - drone_landing - INFO - Failed landing at position 12.84 with height 0.00 (uneven terrain)
2025-04-12 18:49:47,571 - drone_landing - INFO - Successful landing at position 13.46 with height 1.24
2025-04-12 18:49:47,740 - drone_landing - INFO - Failed landing at position 60.80 with height 1.65 (uneven terrain)
2025-04-12 18:49:47,915 - drone_landing - INFO - Successful landing at position 88.17 with height 0.00
2025-04-12 18:49:48,098 - drone_landing - INFO - Successful landing at position 96.01 with height 0.00
2025-04-12 18:49:48,283 - drone_landing - INFO - Successful landing at position 66.65 with height 0.00
2025-04-12 18:49:48,473 - drone_landing - INFO - Successful landing at position 15.21 with height 0.00
2025-04-12 18:49:48,660 - drone_landing - INFO - Successful landing at position 9.18 with height 1.65
2025-04-12 18:49:48,843 - drone_landing - INFO - Successful landing at position 12.33 with height 0.00
2025-04-12 18:49:48,990 - drone_landing - INFO - Episode 450/1000 | Avg Reward: 6.82 | Success Rate: 80.00% | Loss: Policy=0.0000, Value=0.0840, Entropy=0.0000
2025-04-12 18:49:49,565 - drone_landing - INFO - Successful landing at position 97.54 with height 0.00
2025-04-12 18:49:49,744 - drone_landing - INFO - Failed landing at position 24.98 with height 1.10 (uneven terrain)
2025-04-12 18:49:49,920 - drone_landing - INFO - Successful landing at position 19.61 with height 0.93
2025-04-12 18:49:50,096 - drone_landing - INFO - Successful landing at position 47.07 with height 1.13
2025-04-12 18:49:50,273 - drone_landing - INFO - Successful landing at position 78.24 with height 0.72
2025-04-12 18:49:50,454 - drone_landing - INFO - Successful landing at position 60.37 with height 0.00
2025-04-12 18:49:50,642 - drone_landing - INFO - Successful landing at position 80.99 with height 0.00
2025-04-12 18:49:50,818 - drone_landing - INFO - Successful landing at position 14.42 with height 1.72
2025-04-12 18:49:50,990 - drone_landing - INFO - Successful landing at position 17.65 with height 0.00
2025-04-12 18:49:51,164 - drone_landing - INFO - Failed landing at position 1.55 with height 1.42 (uneven terrain)
2025-04-12 18:49:51,300 - drone_landing - INFO - Episode 460/1000 | Avg Reward: 6.82 | Success Rate: 80.00% | Loss: Policy=-0.0001, Value=0.2169, Entropy=0.0001
2025-04-12 18:49:51,852 - drone_landing - INFO - Successful landing at position 78.82 with height 0.00
2025-04-12 18:49:52,026 - drone_landing - INFO - Failed landing at position 31.41 with height 0.79 (uneven terrain)
2025-04-12 18:49:52,199 - drone_landing - INFO - Successful landing at position 72.12 with height 0.66
2025-04-12 18:49:52,374 - drone_landing - INFO - Successful landing at position 58.76 with height 0.00
2025-04-12 18:49:52,547 - drone_landing - INFO - Successful landing at position 16.11 with height 1.78
2025-04-12 18:49:52,717 - drone_landing - INFO - Successful landing at position 15.16 with height 0.61
2025-04-12 18:49:52,895 - drone_landing - INFO - Successful landing at position 65.00 with height 0.00
2025-04-12 18:49:53,073 - drone_landing - INFO - Successful landing at position 90.53 with height 0.00
2025-04-12 18:49:53,253 - drone_landing - INFO - Successful landing at position 84.04 with height 0.62
2025-04-12 18:49:53,431 - drone_landing - INFO - Failed landing at position 1.94 with height 0.36 (uneven terrain)
2025-04-12 18:49:53,571 - drone_landing - INFO - Episode 470/1000 | Avg Reward: 6.82 | Success Rate: 80.00% | Loss: Policy=-0.0000, Value=0.1363, Entropy=0.0000
2025-04-12 18:49:54,135 - drone_landing - INFO - Successful landing at position 82.30 with height 0.00
2025-04-12 18:49:54,320 - drone_landing - INFO - Successful landing at position 10.93 with height 0.00
2025-04-12 18:49:54,500 - drone_landing - INFO - Successful landing at position 94.95 with height 0.00
2025-04-12 18:49:54,675 - drone_landing - INFO - Failed landing at position 73.69 with height 1.00 (uneven terrain)
2025-04-12 18:49:54,845 - drone_landing - INFO - Successful landing at position 58.83 with height 0.00
2025-04-12 18:49:55,020 - drone_landing - INFO - Successful landing at position 42.69 with height 0.90
2025-04-12 18:49:55,199 - drone_landing - INFO - Failed landing at position 30.93 with height 0.29 (uneven terrain)
2025-04-12 18:49:55,375 - drone_landing - INFO - Successful landing at position 56.51 with height 1.25
2025-04-12 18:49:55,551 - drone_landing - INFO - Failed landing at position 41.03 with height 1.01 (uneven terrain)
2025-04-12 18:49:55,733 - drone_landing - INFO - Successful landing at position 92.71 with height 0.00
2025-04-12 18:49:55,869 - drone_landing - INFO - Episode 480/1000 | Avg Reward: 5.32 | Success Rate: 70.00% | Loss: Policy=0.0000, Value=0.0648, Entropy=0.0000
2025-04-12 18:49:56,541 - drone_landing - INFO - Successful landing at position 45.20 with height 1.01
2025-04-12 18:49:56,714 - drone_landing - INFO - Successful landing at position 63.46 with height 0.87
2025-04-12 18:49:56,892 - drone_landing - INFO - Successful landing at position 28.35 with height 0.00
2025-04-12 18:49:57,086 - drone_landing - INFO - Successful landing at position 63.61 with height 0.00
2025-04-12 18:49:57,274 - drone_landing - INFO - Successful landing at position 21.01 with height 0.00
2025-04-12 18:49:57,443 - drone_landing - INFO - Failed landing at position 25.06 with height 1.03 (uneven terrain)
2025-04-12 18:49:57,610 - drone_landing - INFO - Successful landing at position 5.90 with height 0.63
2025-04-12 18:49:57,788 - drone_landing - INFO - Successful landing at position 47.07 with height 0.00
2025-04-12 18:49:57,966 - drone_landing - INFO - Successful landing at position 96.09 with height 0.00
2025-04-12 18:49:58,138 - drone_landing - INFO - Successful landing at position 76.09 with height 1.21
2025-04-12 18:49:58,272 - drone_landing - INFO - Episode 490/1000 | Avg Reward: 8.32 | Success Rate: 90.00% | Loss: Policy=0.0000, Value=0.2599, Entropy=0.0000
2025-04-12 18:49:58,841 - drone_landing - INFO - Successful landing at position 90.99 with height 0.00
2025-04-12 18:49:59,011 - drone_landing - INFO - Successful landing at position 96.79 with height 0.00
2025-04-12 18:49:59,176 - drone_landing - INFO - Successful landing at position 77.67 with height 1.36
2025-04-12 18:49:59,347 - drone_landing - INFO - Successful landing at position 40.01 with height 0.00
2025-04-12 18:49:59,524 - drone_landing - INFO - Successful landing at position 47.97 with height 0.00
2025-04-12 18:49:59,697 - drone_landing - INFO - Failed landing at position 26.89 with height 1.19 (uneven terrain)
2025-04-12 18:49:59,871 - drone_landing - INFO - Successful landing at position 3.95 with height 0.00
2025-04-12 18:50:00,057 - drone_landing - INFO - Successful landing at position 85.04 with height 0.00
2025-04-12 18:50:00,255 - drone_landing - INFO - Successful landing at position 79.79 with height 0.00
2025-04-12 18:50:00,436 - drone_landing - INFO - Successful landing at position 46.78 with height 0.00
2025-04-12 18:50:00,587 - drone_landing - INFO - Episode 500/1000 | Avg Reward: 8.31 | Success Rate: 90.00% | Loss: Policy=-0.0000, Value=0.0802, Entropy=0.0000
2025-04-12 18:50:01,162 - drone_landing - INFO - Failed landing at position 25.93 with height 1.00 (uneven terrain)
2025-04-12 18:50:01,341 - drone_landing - INFO - Successful landing at position 74.17 with height 0.00
2025-04-12 18:50:01,520 - drone_landing - INFO - Successful landing at position 78.72 with height 0.00
2025-04-12 18:50:01,700 - drone_landing - INFO - Successful landing at position 70.76 with height 0.00
2025-04-12 18:50:01,883 - drone_landing - INFO - Successful landing at position 54.94 with height 0.00
2025-04-12 18:50:02,056 - drone_landing - INFO - Failed landing at position 15.85 with height 0.71 (uneven terrain)
2025-04-12 18:50:02,239 - drone_landing - INFO - Successful landing at position 62.26 with height 0.00
2025-04-12 18:50:02,429 - drone_landing - INFO - Successful landing at position 11.92 with height 0.00
2025-04-12 18:50:02,658 - drone_landing - INFO - Successful landing at position 67.28 with height 0.00
2025-04-12 18:50:02,849 - drone_landing - INFO - Successful landing at position 70.62 with height 0.82
2025-04-12 18:50:02,996 - drone_landing - INFO - Episode 510/1000 | Avg Reward: 6.81 | Success Rate: 80.00% | Loss: Policy=-0.0000, Value=0.0275, Entropy=0.0000
2025-04-12 18:50:03,562 - drone_landing - INFO - Successful landing at position 35.22 with height 1.31
2025-04-12 18:50:03,736 - drone_landing - INFO - Successful landing at position 40.46 with height 1.52
2025-04-12 18:50:03,912 - drone_landing - INFO - Successful landing at position 91.44 with height 0.00
2025-04-12 18:50:04,096 - drone_landing - INFO - Successful landing at position 73.28 with height 0.92
2025-04-12 18:50:04,271 - drone_landing - INFO - Successful landing at position 32.92 with height 0.74
2025-04-12 18:50:04,449 - drone_landing - INFO - Failed landing at position 20.04 with height 1.02 (uneven terrain)
2025-04-12 18:50:04,625 - drone_landing - INFO - Successful landing at position 48.55 with height 0.00
2025-04-12 18:50:04,807 - drone_landing - INFO - Successful landing at position 26.38 with height 1.09
2025-04-12 18:50:04,981 - drone_landing - INFO - Successful landing at position 71.14 with height 0.00
2025-04-12 18:50:05,159 - drone_landing - INFO - Successful landing at position 72.44 with height 0.00
2025-04-12 18:50:05,298 - drone_landing - INFO - Episode 520/1000 | Avg Reward: 8.32 | Success Rate: 90.00% | Loss: Policy=0.0000, Value=0.1079, Entropy=0.0000
2025-04-12 18:50:05,855 - drone_landing - INFO - Failed landing at position 39.29 with height 1.61 (uneven terrain)
2025-04-12 18:50:06,015 - drone_landing - INFO - Successful landing at position 44.36 with height 1.44
2025-04-12 18:50:06,177 - drone_landing - INFO - Successful landing at position 26.60 with height 1.18
2025-04-12 18:50:06,356 - drone_landing - INFO - Failed landing at position 87.32 with height 0.00 (uneven terrain)
2025-04-12 18:50:06,539 - drone_landing - INFO - Successful landing at position 64.04 with height 0.00
2025-04-12 18:50:06,726 - drone_landing - INFO - Successful landing at position 36.29 with height 1.38
2025-04-12 18:50:06,901 - drone_landing - INFO - Successful landing at position 21.61 with height 0.00
2025-04-12 18:50:07,083 - drone_landing - INFO - Successful landing at position 74.85 with height 0.00
2025-04-12 18:50:07,272 - drone_landing - INFO - Successful landing at position 60.85 with height 0.00
2025-04-12 18:50:07,452 - drone_landing - INFO - Failed landing at position 67.85 with height 0.81 (uneven terrain)
2025-04-12 18:50:07,591 - drone_landing - INFO - Episode 530/1000 | Avg Reward: 5.32 | Success Rate: 70.00% | Loss: Policy=0.0000, Value=0.0630, Entropy=0.0000
2025-04-12 18:50:08,263 - drone_landing - INFO - Successful landing at position 94.23 with height 0.00
2025-04-12 18:50:08,439 - drone_landing - INFO - Successful landing at position 16.73 with height 1.01
2025-04-12 18:50:08,619 - drone_landing - INFO - Successful landing at position 96.87 with height 0.00
2025-04-12 18:50:08,804 - drone_landing - INFO - Successful landing at position 71.54 with height 1.48
2025-04-12 18:50:08,983 - drone_landing - INFO - Failed landing at position 54.38 with height 0.36 (uneven terrain)
2025-04-12 18:50:09,163 - drone_landing - INFO - Successful landing at position 51.28 with height 0.00
2025-04-12 18:50:09,341 - drone_landing - INFO - Successful landing at position 30.53 with height 0.77
2025-04-12 18:50:09,520 - drone_landing - INFO - Successful landing at position 24.86 with height 0.00
2025-04-12 18:50:09,707 - drone_landing - INFO - Successful landing at position 87.00 with height 0.00
2025-04-12 18:50:09,895 - drone_landing - INFO - Failed landing at position 39.54 with height 0.44 (uneven terrain)
2025-04-12 18:50:10,038 - drone_landing - INFO - Episode 540/1000 | Avg Reward: 6.82 | Success Rate: 80.00% | Loss: Policy=-0.0000, Value=0.0981, Entropy=0.0000
2025-04-12 18:50:10,600 - drone_landing - INFO - Successful landing at position 69.65 with height 1.63
2025-04-12 18:50:10,770 - drone_landing - INFO - Failed landing at position 67.13 with height 1.28 (uneven terrain)
2025-04-12 18:50:10,943 - drone_landing - INFO - Successful landing at position 8.40 with height 0.00
2025-04-12 18:50:11,119 - drone_landing - INFO - Successful landing at position 12.89 with height 0.00
2025-04-12 18:50:11,299 - drone_landing - INFO - Successful landing at position 53.08 with height 1.00
2025-04-12 18:50:11,480 - drone_landing - INFO - Failed landing at position 50.39 with height 1.20 (uneven terrain)
2025-04-12 18:50:11,660 - drone_landing - INFO - Failed landing at position 41.68 with height 1.20 (uneven terrain)
2025-04-12 18:50:11,838 - drone_landing - INFO - Successful landing at position 98.93 with height 0.00
2025-04-12 18:50:12,016 - drone_landing - INFO - Successful landing at position 65.02 with height 0.76
2025-04-12 18:50:12,188 - drone_landing - INFO - Successful landing at position 39.72 with height 1.24
2025-04-12 18:50:12,333 - drone_landing - INFO - Episode 550/1000 | Avg Reward: 5.32 | Success Rate: 70.00% | Loss: Policy=0.0000, Value=0.2397, Entropy=0.0000
2025-04-12 18:50:12,912 - drone_landing - INFO - Failed landing at position 77.23 with height 0.50 (uneven terrain)
2025-04-12 18:50:13,111 - drone_landing - INFO - Failed landing at position 42.51 with height 1.43 (uneven terrain)
2025-04-12 18:50:13,309 - drone_landing - INFO - Successful landing at position 36.41 with height 0.00
2025-04-12 18:50:13,508 - drone_landing - INFO - Failed landing at position 16.98 with height 0.00 (uneven terrain)
2025-04-12 18:50:13,708 - drone_landing - INFO - Successful landing at position 83.61 with height 0.00
2025-04-12 18:50:13,897 - drone_landing - INFO - Failed landing at position 51.67 with height 1.51 (uneven terrain)
2025-04-12 18:50:14,081 - drone_landing - INFO - Failed landing at position 77.54 with height 1.46 (uneven terrain)
2025-04-12 18:50:14,289 - drone_landing - INFO - Failed landing at position 2.07 with height 0.24 (uneven terrain)
2025-04-12 18:50:14,496 - drone_landing - INFO - Successful landing at position 47.86 with height 1.02
2025-04-12 18:50:14,699 - drone_landing - INFO - Successful landing at position 20.63 with height 1.33
2025-04-12 18:50:14,851 - drone_landing - INFO - Episode 560/1000 | Avg Reward: 0.82 | Success Rate: 40.00% | Loss: Policy=-0.0000, Value=0.0988, Entropy=0.0000
2025-04-12 18:50:15,436 - drone_landing - INFO - Successful landing at position 91.83 with height 0.00
2025-04-12 18:50:15,632 - drone_landing - INFO - Successful landing at position 70.03 with height 0.00
2025-04-12 18:50:15,821 - drone_landing - INFO - Successful landing at position 73.20 with height 0.00
2025-04-12 18:50:16,007 - drone_landing - INFO - Successful landing at position 89.92 with height 0.00
2025-04-12 18:50:16,185 - drone_landing - INFO - Failed landing at position 72.64 with height 1.56 (uneven terrain)
2025-04-12 18:50:16,355 - drone_landing - INFO - Successful landing at position 82.97 with height 1.96
2025-04-12 18:50:16,523 - drone_landing - INFO - Successful landing at position 49.42 with height 0.91
2025-04-12 18:50:16,707 - drone_landing - INFO - Successful landing at position 26.74 with height 0.00
2025-04-12 18:50:16,892 - drone_landing - INFO - Successful landing at position 51.98 with height 0.00
2025-04-12 18:50:17,074 - drone_landing - INFO - Successful landing at position 16.94 with height 0.71
2025-04-12 18:50:17,214 - drone_landing - INFO - Episode 570/1000 | Avg Reward: 8.32 | Success Rate: 90.00% | Loss: Policy=-0.0000, Value=0.1450, Entropy=0.0000
2025-04-12 18:50:17,866 - drone_landing - INFO - Failed landing at position 60.45 with height 0.20 (uneven terrain)
2025-04-12 18:50:18,062 - drone_landing - INFO - Successful landing at position 26.86 with height 1.86
2025-04-12 18:50:18,252 - drone_landing - INFO - Successful landing at position 60.44 with height 0.14
2025-04-12 18:50:18,451 - drone_landing - INFO - Successful landing at position 83.13 with height 0.63
2025-04-12 18:50:18,687 - drone_landing - INFO - Failed landing at position 36.67 with height 0.33 (uneven terrain)
2025-04-12 18:50:18,870 - drone_landing - INFO - Failed landing at position 47.73 with height 1.77 (uneven terrain)
2025-04-12 18:50:19,085 - drone_landing - INFO - Successful landing at position 57.82 with height 0.60
2025-04-12 18:50:19,279 - drone_landing - INFO - Successful landing at position 89.23 with height 0.00
2025-04-12 18:50:19,467 - drone_landing - INFO - Successful landing at position 10.20 with height 0.79
2025-04-12 18:50:19,650 - drone_landing - INFO - Successful landing at position 96.94 with height 0.00
2025-04-12 18:50:19,790 - drone_landing - INFO - Episode 580/1000 | Avg Reward: 5.32 | Success Rate: 70.00% | Loss: Policy=0.0000, Value=0.1136, Entropy=0.0000
2025-04-12 18:50:20,354 - drone_landing - INFO - Successful landing at position 41.85 with height 1.18
2025-04-12 18:50:20,530 - drone_landing - INFO - Failed landing at position 7.42 with height 1.02 (uneven terrain)
2025-04-12 18:50:20,716 - drone_landing - INFO - Successful landing at position 91.60 with height 0.00
2025-04-12 18:50:20,908 - drone_landing - INFO - Successful landing at position 26.57 with height 0.00
2025-04-12 18:50:21,101 - drone_landing - INFO - Failed landing at position 37.65 with height 1.46 (uneven terrain)
2025-04-12 18:50:21,284 - drone_landing - INFO - Successful landing at position 20.85 with height 0.00
2025-04-12 18:50:21,463 - drone_landing - INFO - Successful landing at position 39.82 with height 1.88
2025-04-12 18:50:21,639 - drone_landing - INFO - Successful landing at position 9.25 with height 0.00
2025-04-12 18:50:21,837 - drone_landing - INFO - Failed landing at position 28.07 with height 1.08 (uneven terrain)
2025-04-12 18:50:22,024 - drone_landing - INFO - Successful landing at position 47.32 with height 0.00
2025-04-12 18:50:22,173 - drone_landing - INFO - Episode 590/1000 | Avg Reward: 5.32 | Success Rate: 70.00% | Loss: Policy=0.0000, Value=0.0633, Entropy=0.0000
2025-04-12 18:50:22,762 - drone_landing - INFO - Successful landing at position 66.78 with height 0.00
2025-04-12 18:50:22,937 - drone_landing - INFO - Successful landing at position 3.75 with height 0.69
2025-04-12 18:50:23,105 - drone_landing - INFO - Failed landing at position 31.72 with height 0.39 (uneven terrain)
2025-04-12 18:50:23,281 - drone_landing - INFO - Successful landing at position 15.90 with height 1.08
2025-04-12 18:50:23,454 - drone_landing - INFO - Successful landing at position 0.14 with height 0.00
2025-04-12 18:50:23,636 - drone_landing - INFO - Successful landing at position 90.00 with height 0.00
2025-04-12 18:50:23,842 - drone_landing - INFO - Successful landing at position 92.50 with height 0.00
2025-04-12 18:50:24,027 - drone_landing - INFO - Successful landing at position 24.92 with height 0.00
2025-04-12 18:50:24,215 - drone_landing - INFO - Failed landing at position 40.59 with height 0.00 (uneven terrain)
2025-04-12 18:50:24,399 - drone_landing - INFO - Successful landing at position 10.67 with height 0.00
2025-04-12 18:50:24,538 - drone_landing - INFO - Episode 600/1000 | Avg Reward: 6.81 | Success Rate: 80.00% | Loss: Policy=-0.0000, Value=0.0144, Entropy=0.0000
2025-04-12 18:50:25,117 - drone_landing - INFO - Successful landing at position 27.46 with height 0.00
2025-04-12 18:50:25,307 - drone_landing - INFO - Successful landing at position 15.49 with height 0.00
2025-04-12 18:50:25,486 - drone_landing - INFO - Successful landing at position 98.40 with height 0.00
2025-04-12 18:50:25,668 - drone_landing - INFO - Successful landing at position 13.89 with height 0.00
2025-04-12 18:50:25,852 - drone_landing - INFO - Successful landing at position 64.10 with height 0.00
2025-04-12 18:50:26,029 - drone_landing - INFO - Failed landing at position 13.45 with height 1.18 (uneven terrain)
2025-04-12 18:50:26,199 - drone_landing - INFO - Failed landing at position 21.33 with height 0.00 (uneven terrain)
2025-04-12 18:50:26,372 - drone_landing - INFO - Successful landing at position 66.47 with height 1.27
2025-04-12 18:50:26,537 - drone_landing - INFO - Successful landing at position 38.12 with height 0.72
2025-04-12 18:50:26,708 - drone_landing - INFO - Successful landing at position 2.22 with height 0.00
2025-04-12 18:50:26,845 - drone_landing - INFO - Episode 610/1000 | Avg Reward: 6.82 | Success Rate: 80.00% | Loss: Policy=0.0000, Value=0.3613, Entropy=0.0000
2025-04-12 18:50:27,420 - drone_landing - INFO - Successful landing at position 96.10 with height 0.00
2025-04-12 18:50:27,596 - drone_landing - INFO - Failed landing at position 69.21 with height 0.29 (uneven terrain)
2025-04-12 18:50:27,794 - drone_landing - INFO - Failed landing at position 50.92 with height 0.42 (uneven terrain)
2025-04-12 18:50:27,974 - drone_landing - INFO - Successful landing at position 1.75 with height 0.00
2025-04-12 18:50:28,155 - drone_landing - INFO - Successful landing at position 35.83 with height 0.00
2025-04-12 18:50:28,333 - drone_landing - INFO - Successful landing at position 67.23 with height 0.80
2025-04-12 18:50:28,506 - drone_landing - INFO - Successful landing at position 95.77 with height 0.00
2025-04-12 18:50:28,680 - drone_landing - INFO - Successful landing at position 85.42 with height 1.65
2025-04-12 18:50:28,846 - drone_landing - INFO - Successful landing at position 69.53 with height 0.00
2025-04-12 18:50:29,028 - drone_landing - INFO - Successful landing at position 86.07 with height 0.00
2025-04-12 18:50:29,168 - drone_landing - INFO - Episode 620/1000 | Avg Reward: 6.81 | Success Rate: 80.00% | Loss: Policy=-0.0000, Value=0.3027, Entropy=0.0000
2025-04-12 18:50:29,867 - drone_landing - INFO - Successful landing at position 64.96 with height 1.01
2025-04-12 18:50:30,052 - drone_landing - INFO - Successful landing at position 84.52 with height 0.00
2025-04-12 18:50:30,240 - drone_landing - INFO - Successful landing at position 32.92 with height 1.02
2025-04-12 18:50:30,419 - drone_landing - INFO - Successful landing at position 95.77 with height 0.00
2025-04-12 18:50:30,597 - drone_landing - INFO - Failed landing at position 30.99 with height 1.54 (uneven terrain)
2025-04-12 18:50:30,763 - drone_landing - INFO - Failed landing at position 20.15 with height 0.00 (uneven terrain)
2025-04-12 18:50:30,936 - drone_landing - INFO - Successful landing at position 42.30 with height 1.49
2025-04-12 18:50:31,110 - drone_landing - INFO - Successful landing at position 2.41 with height 0.00
2025-04-12 18:50:31,294 - drone_landing - INFO - Successful landing at position 63.93 with height 0.00
2025-04-12 18:50:31,489 - drone_landing - INFO - Successful landing at position 1.44 with height 0.00
2025-04-12 18:50:31,636 - drone_landing - INFO - Episode 630/1000 | Avg Reward: 6.82 | Success Rate: 80.00% | Loss: Policy=-0.0000, Value=0.3787, Entropy=0.0000
2025-04-12 18:50:32,211 - drone_landing - INFO - Failed landing at position 16.68 with height 0.66 (uneven terrain)
2025-04-12 18:50:32,383 - drone_landing - INFO - Failed landing at position 42.03 with height 1.39 (uneven terrain)
2025-04-12 18:50:32,547 - drone_landing - INFO - Successful landing at position 62.37 with height 1.31
2025-04-12 18:50:32,718 - drone_landing - INFO - Failed landing at position 28.66 with height 0.34 (uneven terrain)
2025-04-12 18:50:32,891 - drone_landing - INFO - Successful landing at position 20.08 with height 1.18
2025-04-12 18:50:33,062 - drone_landing - INFO - Successful landing at position 92.03 with height 0.00
2025-04-12 18:50:33,240 - drone_landing - INFO - Successful landing at position 8.12 with height 0.15
2025-04-12 18:50:33,419 - drone_landing - INFO - Successful landing at position 93.17 with height 0.00
2025-04-12 18:50:33,592 - drone_landing - INFO - Successful landing at position 35.57 with height 1.19
2025-04-12 18:50:33,770 - drone_landing - INFO - Successful landing at position 49.56 with height 0.00
2025-04-12 18:50:33,909 - drone_landing - INFO - Episode 640/1000 | Avg Reward: 5.32 | Success Rate: 70.00% | Loss: Policy=0.0000, Value=0.2096, Entropy=0.0000
2025-04-12 18:50:34,513 - drone_landing - INFO - Successful landing at position 19.91 with height 0.63
2025-04-12 18:50:34,696 - drone_landing - INFO - Successful landing at position 52.99 with height 0.83
2025-04-12 18:50:34,874 - drone_landing - INFO - Successful landing at position 56.74 with height 1.78
2025-04-12 18:50:35,057 - drone_landing - INFO - Successful landing at position 30.40 with height 0.00
2025-04-12 18:50:35,238 - drone_landing - INFO - Successful landing at position 0.03 with height 0.70
2025-04-12 18:50:35,419 - drone_landing - INFO - Successful landing at position 40.20 with height 0.78
2025-04-12 18:50:35,593 - drone_landing - INFO - Successful landing at position 86.09 with height 0.00
2025-04-12 18:50:35,776 - drone_landing - INFO - Successful landing at position 88.85 with height 0.00
2025-04-12 18:50:35,956 - drone_landing - INFO - Failed landing at position 25.15 with height 1.40 (uneven terrain)
2025-04-12 18:50:36,134 - drone_landing - INFO - Successful landing at position 67.73 with height 0.00
2025-04-12 18:50:36,272 - drone_landing - INFO - Episode 650/1000 | Avg Reward: 8.32 | Success Rate: 90.00% | Loss: Policy=0.0000, Value=0.2330, Entropy=0.0000
2025-04-12 18:50:36,866 - drone_landing - INFO - Successful landing at position 13.36 with height 0.00
2025-04-12 18:50:37,050 - drone_landing - INFO - Successful landing at position 98.96 with height 0.00
2025-04-12 18:50:37,235 - drone_landing - INFO - Successful landing at position 9.32 with height 0.00
2025-04-12 18:50:37,420 - drone_landing - INFO - Successful landing at position 12.14 with height 0.00
2025-04-12 18:50:37,596 - drone_landing - INFO - Successful landing at position 27.39 with height 1.35
2025-04-12 18:50:37,768 - drone_landing - INFO - Successful landing at position 51.57 with height 0.80
2025-04-12 18:50:37,938 - drone_landing - INFO - Successful landing at position 58.06 with height 1.28
2025-04-12 18:50:38,114 - drone_landing - INFO - Successful landing at position 49.91 with height 0.00
2025-04-12 18:50:38,292 - drone_landing - INFO - Failed landing at position 73.95 with height 1.27 (uneven terrain)
2025-04-12 18:50:38,465 - drone_landing - INFO - Failed landing at position 19.43 with height 0.27 (uneven terrain)
2025-04-12 18:50:38,608 - drone_landing - INFO - Episode 660/1000 | Avg Reward: 6.82 | Success Rate: 80.00% | Loss: Policy=0.0000, Value=0.2231, Entropy=0.0000
2025-04-12 18:50:39,166 - drone_landing - INFO - Successful landing at position 13.42 with height 1.47
2025-04-12 18:50:39,323 - drone_landing - INFO - Successful landing at position 39.77 with height 1.69
2025-04-12 18:50:39,486 - drone_landing - INFO - Successful landing at position 18.87 with height 1.45
2025-04-12 18:50:39,680 - drone_landing - INFO - Successful landing at position 20.69 with height 0.00
2025-04-12 18:50:39,872 - drone_landing - INFO - Successful landing at position 29.12 with height 1.39
2025-04-12 18:50:40,060 - drone_landing - INFO - Successful landing at position 69.60 with height 0.00
2025-04-12 18:50:40,255 - drone_landing - INFO - Successful landing at position 27.64 with height 1.19
2025-04-12 18:50:40,444 - drone_landing - INFO - Successful landing at position 16.66 with height 0.00
2025-04-12 18:50:40,636 - drone_landing - INFO - Successful landing at position 5.76 with height 0.00
2025-04-12 18:50:40,850 - drone_landing - INFO - Failed landing at position 21.03 with height 0.82 (uneven terrain)
2025-04-12 18:50:41,005 - drone_landing - INFO - Episode 670/1000 | Avg Reward: 8.32 | Success Rate: 90.00% | Loss: Policy=0.0000, Value=0.0527, Entropy=0.0000
2025-04-12 18:50:41,596 - drone_landing - INFO - Successful landing at position 95.24 with height 0.00
2025-04-12 18:50:41,806 - drone_landing - INFO - Failed landing at position 40.74 with height 0.00 (uneven terrain)
2025-04-12 18:50:42,002 - drone_landing - INFO - Successful landing at position 62.16 with height 0.00
2025-04-12 18:50:42,197 - drone_landing - INFO - Successful landing at position 23.27 with height 0.00
2025-04-12 18:50:42,392 - drone_landing - INFO - Successful landing at position 17.90 with height 0.51
2025-04-12 18:50:42,584 - drone_landing - INFO - Successful landing at position 4.63 with height 0.00
2025-04-12 18:50:42,778 - drone_landing - INFO - Successful landing at position 3.12 with height 0.00
2025-04-12 18:50:42,984 - drone_landing - INFO - Successful landing at position 68.90 with height 0.00
2025-04-12 18:50:43,183 - drone_landing - INFO - Failed landing at position 43.23 with height 0.20 (uneven terrain)
2025-04-12 18:50:43,378 - drone_landing - INFO - Failed landing at position 71.00 with height 0.59 (uneven terrain)
2025-04-12 18:50:43,528 - drone_landing - INFO - Episode 680/1000 | Avg Reward: 5.31 | Success Rate: 70.00% | Loss: Policy=0.0000, Value=0.8828, Entropy=0.0000
2025-04-12 18:50:44,026 - drone_landing - INFO - Successful landing at position 20.18 with height 0.81
2025-04-12 18:50:44,213 - drone_landing - INFO - Failed landing at position 84.85 with height 1.94 (uneven terrain)
2025-04-12 18:50:44,399 - drone_landing - INFO - Successful landing at position 53.23 with height 0.76
2025-04-12 18:50:44,582 - drone_landing - INFO - Failed landing at position 50.99 with height 0.68 (uneven terrain)
2025-04-12 18:50:44,763 - drone_landing - INFO - Successful landing at position 87.89 with height 0.00
2025-04-12 18:50:44,945 - drone_landing - INFO - Successful landing at position 52.45 with height 0.67
2025-04-12 18:50:45,123 - drone_landing - INFO - Successful landing at position 76.61 with height 0.70
2025-04-12 18:50:45,306 - drone_landing - INFO - Successful landing at position 56.11 with height 0.00
2025-04-12 18:50:45,490 - drone_landing - INFO - Successful landing at position 13.78 with height 0.00
2025-04-12 18:50:45,672 - drone_landing - INFO - Successful landing at position 65.84 with height 0.54
2025-04-12 18:50:45,816 - drone_landing - INFO - Episode 690/1000 | Avg Reward: 6.82 | Success Rate: 80.00% | Loss: Policy=0.0000, Value=0.0610, Entropy=0.0000
2025-04-12 18:50:46,289 - drone_landing - INFO - Successful landing at position 22.54 with height 0.00
2025-04-12 18:50:46,468 - drone_landing - INFO - Failed landing at position 64.19 with height 1.16 (uneven terrain)
2025-04-12 18:50:46,649 - drone_landing - INFO - Successful landing at position 86.31 with height 0.00
2025-04-12 18:50:46,830 - drone_landing - INFO - Successful landing at position 73.54 with height 0.00
2025-04-12 18:50:47,015 - drone_landing - INFO - Successful landing at position 98.19 with height 0.00
2025-04-12 18:50:47,188 - drone_landing - INFO - Failed landing at position 40.04 with height 1.54 (uneven terrain)
2025-04-12 18:50:47,361 - drone_landing - INFO - Successful landing at position 52.33 with height 0.90
2025-04-12 18:50:47,536 - drone_landing - INFO - Successful landing at position 49.41 with height 0.29
2025-04-12 18:50:47,710 - drone_landing - INFO - Successful landing at position 48.17 with height 1.30
2025-04-12 18:50:47,883 - drone_landing - INFO - Failed landing at position 54.81 with height 0.35 (uneven terrain)
2025-04-12 18:50:48,021 - drone_landing - INFO - Episode 700/1000 | Avg Reward: 5.32 | Success Rate: 70.00% | Loss: Policy=0.0000, Value=0.2093, Entropy=0.0000
2025-04-12 18:50:48,600 - drone_landing - INFO - Successful landing at position 37.66 with height 0.00
2025-04-12 18:50:48,785 - drone_landing - INFO - Successful landing at position 85.27 with height 0.00
2025-04-12 18:50:48,974 - drone_landing - INFO - Successful landing at position 78.07 with height 0.26
2025-04-12 18:50:49,158 - drone_landing - INFO - Successful landing at position 41.82 with height 0.00
2025-04-12 18:50:49,339 - drone_landing - INFO - Successful landing at position 78.53 with height 1.26
2025-04-12 18:50:49,512 - drone_landing - INFO - Failed landing at position 50.79 with height 0.97 (uneven terrain)
2025-04-12 18:50:49,674 - drone_landing - INFO - Successful landing at position 48.29 with height 1.17
2025-04-12 18:50:49,842 - drone_landing - INFO - Successful landing at position 27.97 with height 0.00
2025-04-12 18:50:50,059 - drone_landing - INFO - Successful landing at position 3.62 with height 0.00
2025-04-12 18:50:50,235 - drone_landing - INFO - Successful landing at position 93.37 with height 0.00
2025-04-12 18:50:50,370 - drone_landing - INFO - Episode 710/1000 | Avg Reward: 8.32 | Success Rate: 90.00% | Loss: Policy=-0.0000, Value=0.6328, Entropy=0.0000
2025-04-12 18:50:51,017 - drone_landing - INFO - Failed landing at position 60.84 with height 1.00 (uneven terrain)
2025-04-12 18:50:51,184 - drone_landing - INFO - Successful landing at position 21.34 with height 0.96
2025-04-12 18:50:51,361 - drone_landing - INFO - Successful landing at position 54.89 with height 0.00
2025-04-12 18:50:51,547 - drone_landing - INFO - Successful landing at position 32.23 with height 1.29
2025-04-12 18:50:51,720 - drone_landing - INFO - Failed landing at position 62.45 with height 0.41 (uneven terrain)
2025-04-12 18:50:51,901 - drone_landing - INFO - Failed landing at position 45.16 with height 0.44 (uneven terrain)
2025-04-12 18:50:52,087 - drone_landing - INFO - Successful landing at position 75.66 with height 0.00
2025-04-12 18:50:52,279 - drone_landing - INFO - Successful landing at position 15.88 with height 0.00
2025-04-12 18:50:52,470 - drone_landing - INFO - Successful landing at position 39.61 with height 1.43
2025-04-12 18:50:52,644 - drone_landing - INFO - Successful landing at position 62.26 with height 1.06
2025-04-12 18:50:52,779 - drone_landing - INFO - Episode 720/1000 | Avg Reward: 5.32 | Success Rate: 70.00% | Loss: Policy=-0.0000, Value=0.1984, Entropy=0.0000
2025-04-12 18:50:53,365 - drone_landing - INFO - Successful landing at position 53.66 with height 0.00
2025-04-12 18:50:53,540 - drone_landing - INFO - Successful landing at position 32.02 with height 1.28
2025-04-12 18:50:53,718 - drone_landing - INFO - Successful landing at position 61.19 with height 0.00
2025-04-12 18:50:53,905 - drone_landing - INFO - Successful landing at position 87.54 with height 0.00
2025-04-12 18:50:54,091 - drone_landing - INFO - Successful landing at position 50.92 with height 0.00
2025-04-12 18:50:54,275 - drone_landing - INFO - Successful landing at position 6.39 with height 0.00
2025-04-12 18:50:54,459 - drone_landing - INFO - Successful landing at position 54.12 with height 1.48
2025-04-12 18:50:54,644 - drone_landing - INFO - Successful landing at position 91.78 with height 0.00
2025-04-12 18:50:54,826 - drone_landing - INFO - Successful landing at position 95.29 with height 0.00
2025-04-12 18:50:55,012 - drone_landing - INFO - Successful landing at position 44.27 with height 0.82
2025-04-12 18:50:55,148 - drone_landing - INFO - Episode 730/1000 | Avg Reward: 9.82 | Success Rate: 100.00% | Loss: Policy=0.0000, Value=0.6089, Entropy=0.0000
2025-04-12 18:50:55,729 - drone_landing - INFO - Successful landing at position 30.18 with height 0.89
2025-04-12 18:50:55,902 - drone_landing - INFO - Successful landing at position 3.33 with height 0.00
2025-04-12 18:50:56,081 - drone_landing - INFO - Successful landing at position 24.18 with height 0.00
2025-04-12 18:50:56,263 - drone_landing - INFO - Successful landing at position 19.61 with height 0.67
2025-04-12 18:50:56,440 - drone_landing - INFO - Successful landing at position 12.79 with height 1.63
2025-04-12 18:50:56,606 - drone_landing - INFO - Successful landing at position 50.75 with height 0.55
2025-04-12 18:50:56,772 - drone_landing - INFO - Successful landing at position 74.67 with height 1.41
2025-04-12 18:50:56,945 - drone_landing - INFO - Successful landing at position 71.69 with height 0.00
2025-04-12 18:50:57,122 - drone_landing - INFO - Successful landing at position 92.78 with height 0.00
2025-04-12 18:50:57,303 - drone_landing - INFO - Successful landing at position 44.11 with height 0.70
2025-04-12 18:50:57,440 - drone_landing - INFO - Episode 740/1000 | Avg Reward: 9.82 | Success Rate: 100.00% | Loss: Policy=0.0000, Value=0.1928, Entropy=0.0000
2025-04-12 18:50:58,025 - drone_landing - INFO - Successful landing at position 37.09 with height 1.52
2025-04-12 18:50:58,192 - drone_landing - INFO - Saved new best model with reward 9.821000000000002
2025-04-12 18:50:58,233 - drone_landing - INFO - Successful landing at position 98.04 with height 0.00
2025-04-12 18:50:58,422 - drone_landing - INFO - Successful landing at position 97.65 with height 0.00
2025-04-12 18:50:58,611 - drone_landing - INFO - Failed landing at position 55.75 with height 0.31 (uneven terrain)
2025-04-12 18:50:58,793 - drone_landing - INFO - Successful landing at position 18.79 with height 0.00
2025-04-12 18:50:58,979 - drone_landing - INFO - Successful landing at position 6.94 with height 0.00
2025-04-12 18:50:59,158 - drone_landing - INFO - Failed landing at position 16.97 with height 0.00 (uneven terrain)
2025-04-12 18:50:59,339 - drone_landing - INFO - Failed landing at position 20.67 with height 0.82 (uneven terrain)
2025-04-12 18:50:59,518 - drone_landing - INFO - Failed landing at position 73.11 with height 0.00 (uneven terrain)
2025-04-12 18:50:59,699 - drone_landing - INFO - Successful landing at position 5.75 with height 1.96
2025-04-12 18:50:59,839 - drone_landing - INFO - Episode 750/1000 | Avg Reward: 3.82 | Success Rate: 60.00% | Loss: Policy=0.0000, Value=0.9901, Entropy=0.0000
2025-04-12 18:51:00,460 - drone_landing - INFO - Failed landing at position 38.28 with height 0.90 (uneven terrain)
2025-04-12 18:51:00,652 - drone_landing - INFO - Successful landing at position 73.51 with height 1.66
2025-04-12 18:51:00,830 - drone_landing - INFO - Successful landing at position 62.04 with height 0.00
2025-04-12 18:51:01,017 - drone_landing - INFO - Successful landing at position 23.75 with height 1.26
2025-04-12 18:51:01,187 - drone_landing - INFO - Successful landing at position 42.90 with height 0.91
2025-04-12 18:51:01,357 - drone_landing - INFO - Failed landing at position 45.13 with height 0.55 (uneven terrain)
2025-04-12 18:51:01,527 - drone_landing - INFO - Failed landing at position 7.76 with height 1.99 (uneven terrain)
2025-04-12 18:51:01,696 - drone_landing - INFO - Failed landing at position 50.26 with height 0.39 (uneven terrain)
2025-04-12 18:51:01,872 - drone_landing - INFO - Successful landing at position 35.40 with height 1.20
2025-04-12 18:51:02,038 - drone_landing - INFO - Successful landing at position 67.54 with height 0.00
2025-04-12 18:51:02,172 - drone_landing - INFO - Episode 760/1000 | Avg Reward: 3.82 | Success Rate: 60.00% | Loss: Policy=-0.0000, Value=0.1538, Entropy=0.0000
2025-04-12 18:51:02,849 - drone_landing - INFO - Successful landing at position 24.33 with height 1.28
2025-04-12 18:51:03,033 - drone_landing - INFO - Successful landing at position 16.36 with height 1.77
2025-04-12 18:51:03,237 - drone_landing - INFO - Successful landing at position 89.49 with height 0.00
2025-04-12 18:51:03,423 - drone_landing - INFO - Successful landing at position 27.12 with height 1.78
2025-04-12 18:51:03,602 - drone_landing - INFO - Successful landing at position 68.99 with height 0.80
2025-04-12 18:51:03,791 - drone_landing - INFO - Successful landing at position 83.56 with height 0.00
2025-04-12 18:51:03,977 - drone_landing - INFO - Failed landing at position 3.95 with height 1.54 (uneven terrain)
2025-04-12 18:51:04,155 - drone_landing - INFO - Successful landing at position 8.55 with height 0.00
2025-04-12 18:51:04,342 - drone_landing - INFO - Successful landing at position 47.92 with height 0.88
2025-04-12 18:51:04,532 - drone_landing - INFO - Successful landing at position 88.02 with height 0.70
2025-04-12 18:51:04,673 - drone_landing - INFO - Episode 770/1000 | Avg Reward: 8.32 | Success Rate: 90.00% | Loss: Policy=0.0000, Value=0.0823, Entropy=0.0000
2025-04-12 18:51:05,252 - drone_landing - INFO - Successful landing at position 59.66 with height 1.13
2025-04-12 18:51:05,428 - drone_landing - INFO - Successful landing at position 25.59 with height 1.41
2025-04-12 18:51:05,604 - drone_landing - INFO - Successful landing at position 6.52 with height 1.02
2025-04-12 18:51:05,785 - drone_landing - INFO - Successful landing at position 83.04 with height 0.47
2025-04-12 18:51:05,972 - drone_landing - INFO - Successful landing at position 90.91 with height 0.00
2025-04-12 18:51:06,186 - drone_landing - INFO - Failed landing at position 76.97 with height 0.35 (uneven terrain)
2025-04-12 18:51:06,367 - drone_landing - INFO - Failed landing at position 53.84 with height 0.00 (uneven terrain)
2025-04-12 18:51:06,545 - drone_landing - INFO - Successful landing at position 21.67 with height 0.41
2025-04-12 18:51:06,732 - drone_landing - INFO - Successful landing at position 36.13 with height 0.00
2025-04-12 18:51:06,910 - drone_landing - INFO - Successful landing at position 80.56 with height 0.00
2025-04-12 18:51:07,056 - drone_landing - INFO - Episode 780/1000 | Avg Reward: 6.82 | Success Rate: 80.00% | Loss: Policy=-0.0000, Value=0.5148, Entropy=0.0000
2025-04-12 18:51:07,672 - drone_landing - INFO - Successful landing at position 50.08 with height 0.11
2025-04-12 18:51:07,871 - drone_landing - INFO - Failed landing at position 25.80 with height 0.27 (uneven terrain)
2025-04-12 18:51:08,063 - drone_landing - INFO - Failed landing at position 72.75 with height 0.54 (uneven terrain)
2025-04-12 18:51:08,251 - drone_landing - INFO - Failed landing at position 75.72 with height 0.83 (uneven terrain)
2025-04-12 18:51:08,430 - drone_landing - INFO - Successful landing at position 81.44 with height 1.01
2025-04-12 18:51:08,609 - drone_landing - INFO - Successful landing at position 6.57 with height 0.00
2025-04-12 18:51:08,811 - drone_landing - INFO - Successful landing at position 64.98 with height 0.27
2025-04-12 18:51:09,016 - drone_landing - INFO - Successful landing at position 63.52 with height 0.59
2025-04-12 18:51:09,200 - drone_landing - INFO - Successful landing at position 22.88 with height 1.98
2025-04-12 18:51:09,372 - drone_landing - INFO - Failed landing at position 65.27 with height 1.58 (uneven terrain)
2025-04-12 18:51:09,502 - drone_landing - INFO - Episode 790/1000 | Avg Reward: 3.82 | Success Rate: 60.00% | Loss: Policy=0.0000, Value=1.3410, Entropy=0.0000
2025-04-12 18:51:10,101 - drone_landing - INFO - Failed landing at position 10.93 with height 1.11 (uneven terrain)
2025-04-12 18:51:10,285 - drone_landing - INFO - Successful landing at position 47.65 with height 1.09
2025-04-12 18:51:10,459 - drone_landing - INFO - Successful landing at position 43.81 with height 0.61
2025-04-12 18:51:10,638 - drone_landing - INFO - Successful landing at position 95.56 with height 0.00
2025-04-12 18:51:10,823 - drone_landing - INFO - Successful landing at position 4.11 with height 0.00
2025-04-12 18:51:11,002 - drone_landing - INFO - Successful landing at position 70.20 with height 0.00
2025-04-12 18:51:11,183 - drone_landing - INFO - Successful landing at position 50.56 with height 0.61
2025-04-12 18:51:11,358 - drone_landing - INFO - Successful landing at position 3.03 with height 0.00
2025-04-12 18:51:11,547 - drone_landing - INFO - Successful landing at position 10.83 with height 0.58
2025-04-12 18:51:11,717 - drone_landing - INFO - Successful landing at position 6.40 with height 0.93
2025-04-12 18:51:11,847 - drone_landing - INFO - Episode 800/1000 | Avg Reward: 8.32 | Success Rate: 90.00% | Loss: Policy=0.0000, Value=0.1646, Entropy=0.0000
2025-04-12 18:51:12,555 - drone_landing - INFO - Successful landing at position 51.92 with height 0.00
2025-04-12 18:51:12,744 - drone_landing - INFO - Successful landing at position 33.02 with height 0.63
2025-04-12 18:51:12,919 - drone_landing - INFO - Failed landing at position 6.85 with height 0.66 (uneven terrain)
2025-04-12 18:51:13,095 - drone_landing - INFO - Successful landing at position 18.65 with height 0.68
2025-04-12 18:51:13,282 - drone_landing - INFO - Successful landing at position 95.55 with height 0.00
2025-04-12 18:51:13,476 - drone_landing - INFO - Successful landing at position 39.49 with height 0.00
2025-04-12 18:51:13,670 - drone_landing - INFO - Failed landing at position 56.46 with height 0.20 (uneven terrain)
2025-04-12 18:51:13,862 - drone_landing - INFO - Successful landing at position 67.77 with height 0.00
2025-04-12 18:51:14,046 - drone_landing - INFO - Successful landing at position 62.15 with height 0.75
2025-04-12 18:51:14,221 - drone_landing - INFO - Successful landing at position 29.65 with height 0.00
2025-04-12 18:51:14,367 - drone_landing - INFO - Episode 810/1000 | Avg Reward: 6.81 | Success Rate: 80.00% | Loss: Policy=-0.0000, Value=0.2300, Entropy=0.0000
2025-04-12 18:51:14,965 - drone_landing - INFO - Successful landing at position 79.46 with height 0.00
2025-04-12 18:51:15,148 - drone_landing - INFO - Successful landing at position 91.49 with height 0.00
2025-04-12 18:51:15,333 - drone_landing - INFO - Successful landing at position 1.96 with height 0.00
2025-04-12 18:51:15,520 - drone_landing - INFO - Failed landing at position 41.79 with height 1.91 (uneven terrain)
2025-04-12 18:51:15,692 - drone_landing - INFO - Successful landing at position 23.40 with height 1.40
2025-04-12 18:51:15,863 - drone_landing - INFO - Failed landing at position 55.91 with height 1.37 (uneven terrain)
2025-04-12 18:51:16,035 - drone_landing - INFO - Successful landing at position 71.44 with height 1.90
2025-04-12 18:51:16,204 - drone_landing - INFO - Successful landing at position 62.22 with height 1.27
2025-04-12 18:51:16,380 - drone_landing - INFO - Successful landing at position 76.21 with height 1.43
2025-04-12 18:51:16,558 - drone_landing - INFO - Successful landing at position 21.13 with height 1.38
2025-04-12 18:51:16,693 - drone_landing - INFO - Episode 820/1000 | Avg Reward: 6.83 | Success Rate: 80.00% | Loss: Policy=-0.0000, Value=0.5204, Entropy=0.0000
2025-04-12 18:51:17,257 - drone_landing - INFO - Successful landing at position 1.65 with height 0.00
2025-04-12 18:51:17,446 - drone_landing - INFO - Successful landing at position 35.76 with height 0.00
2025-04-12 18:51:17,634 - drone_landing - INFO - Successful landing at position 19.73 with height 0.16
2025-04-12 18:51:17,821 - drone_landing - INFO - Successful landing at position 0.96 with height 0.00
2025-04-12 18:51:18,003 - drone_landing - INFO - Successful landing at position 50.89 with height 1.71
2025-04-12 18:51:18,166 - drone_landing - INFO - Successful landing at position 26.98 with height 0.00
2025-04-12 18:51:18,345 - drone_landing - INFO - Saved new best model with reward 9.822
2025-04-12 18:51:18,383 - drone_landing - INFO - Failed landing at position 48.82 with height 0.66 (uneven terrain)
2025-04-12 18:51:18,572 - drone_landing - INFO - Failed landing at position 88.40 with height 0.39 (uneven terrain)
2025-04-12 18:51:18,767 - drone_landing - INFO - Failed landing at position 49.98 with height 1.51 (uneven terrain)
2025-04-12 18:51:18,939 - drone_landing - INFO - Failed landing at position 42.41 with height 0.00 (uneven terrain)
2025-04-12 18:51:19,088 - drone_landing - INFO - Episode 830/1000 | Avg Reward: 3.82 | Success Rate: 60.00% | Loss: Policy=0.0000, Value=0.7168, Entropy=0.0000
2025-04-12 18:51:19,651 - drone_landing - INFO - Successful landing at position 14.50 with height 0.00
2025-04-12 18:51:19,840 - drone_landing - INFO - Successful landing at position 86.39 with height 0.60
2025-04-12 18:51:20,014 - drone_landing - INFO - Successful landing at position 44.82 with height 0.00
2025-04-12 18:51:20,207 - drone_landing - INFO - Successful landing at position 25.47 with height 0.55
2025-04-12 18:51:20,392 - drone_landing - INFO - Successful landing at position 46.42 with height 0.35
2025-04-12 18:51:20,579 - drone_landing - INFO - Successful landing at position 72.68 with height 1.74
2025-04-12 18:51:20,750 - drone_landing - INFO - Successful landing at position 75.38 with height 0.40
2025-04-12 18:51:20,940 - drone_landing - INFO - Failed landing at position 67.77 with height 0.65 (uneven terrain)
2025-04-12 18:51:21,119 - drone_landing - INFO - Successful landing at position 18.91 with height 1.22
2025-04-12 18:51:21,299 - drone_landing - INFO - Successful landing at position 79.21 with height 0.00
2025-04-12 18:51:21,450 - drone_landing - INFO - Episode 840/1000 | Avg Reward: 8.32 | Success Rate: 90.00% | Loss: Policy=0.0000, Value=1.7222, Entropy=0.0000
2025-04-12 18:51:22,037 - drone_landing - INFO - Successful landing at position 48.04 with height 0.00
2025-04-12 18:51:22,222 - drone_landing - INFO - Successful landing at position 24.46 with height 0.00
2025-04-12 18:51:22,400 - drone_landing - INFO - Successful landing at position 40.31 with height 1.84
2025-04-12 18:51:22,563 - drone_landing - INFO - Successful landing at position 0.03 with height 0.73
2025-04-12 18:51:22,732 - drone_landing - INFO - Successful landing at position 8.23 with height 0.00
2025-04-12 18:51:22,905 - drone_landing - INFO - Successful landing at position 96.67 with height 0.00
2025-04-12 18:51:23,080 - drone_landing - INFO - Successful landing at position 25.60 with height 1.12
2025-04-12 18:51:23,246 - drone_landing - INFO - Failed landing at position 5.47 with height 1.62 (uneven terrain)
2025-04-12 18:51:23,419 - drone_landing - INFO - Failed landing at position 64.77 with height 0.66 (uneven terrain)
2025-04-12 18:51:23,591 - drone_landing - INFO - Successful landing at position 85.36 with height 0.00
2025-04-12 18:51:23,730 - drone_landing - INFO - Episode 850/1000 | Avg Reward: 6.82 | Success Rate: 80.00% | Loss: Policy=0.0000, Value=0.5831, Entropy=0.0000
2025-04-12 18:51:24,401 - drone_landing - INFO - Failed landing at position 36.63 with height 0.00 (uneven terrain)
2025-04-12 18:51:24,587 - drone_landing - INFO - Successful landing at position 65.52 with height 0.78
2025-04-12 18:51:24,767 - drone_landing - INFO - Successful landing at position 67.79 with height 0.00
2025-04-12 18:51:24,950 - drone_landing - INFO - Successful landing at position 93.68 with height 0.00
2025-04-12 18:51:25,136 - drone_landing - INFO - Failed landing at position 72.08 with height 0.35 (uneven terrain)
2025-04-12 18:51:25,319 - drone_landing - INFO - Failed landing at position 94.29 with height 0.31 (uneven terrain)
2025-04-12 18:51:25,504 - drone_landing - INFO - Successful landing at position 38.51 with height 0.00
2025-04-12 18:51:25,684 - drone_landing - INFO - Failed landing at position 40.21 with height 0.39 (uneven terrain)
2025-04-12 18:51:25,870 - drone_landing - INFO - Failed landing at position 50.32 with height 0.00 (uneven terrain)
2025-04-12 18:51:26,049 - drone_landing - INFO - Successful landing at position 28.97 with height 0.00
2025-04-12 18:51:26,194 - drone_landing - INFO - Episode 860/1000 | Avg Reward: 2.31 | Success Rate: 50.00% | Loss: Policy=0.0000, Value=0.7999, Entropy=0.0000
2025-04-12 18:51:26,757 - drone_landing - INFO - Successful landing at position 72.13 with height 0.84
2025-04-12 18:51:26,932 - drone_landing - INFO - Failed landing at position 25.95 with height 1.76 (uneven terrain)
2025-04-12 18:51:27,108 - drone_landing - INFO - Failed landing at position 21.09 with height 0.53 (uneven terrain)
2025-04-12 18:51:27,285 - drone_landing - INFO - Successful landing at position 16.16 with height 1.69
2025-04-12 18:51:27,458 - drone_landing - INFO - Successful landing at position 60.76 with height 0.00
2025-04-12 18:51:27,636 - drone_landing - INFO - Successful landing at position 4.35 with height 0.00
2025-04-12 18:51:27,820 - drone_landing - INFO - Failed landing at position 71.70 with height 0.35 (uneven terrain)
2025-04-12 18:51:28,003 - drone_landing - INFO - Successful landing at position 82.89 with height 0.00
2025-04-12 18:51:28,185 - drone_landing - INFO - Failed landing at position 75.59 with height 0.63 (uneven terrain)
2025-04-12 18:51:28,354 - drone_landing - INFO - Successful landing at position 36.39 with height 0.00
2025-04-12 18:51:28,496 - drone_landing - INFO - Episode 870/1000 | Avg Reward: 3.82 | Success Rate: 60.00% | Loss: Policy=-0.0000, Value=0.5937, Entropy=0.0000
2025-04-12 18:51:29,059 - drone_landing - INFO - Successful landing at position 14.37 with height 0.00
2025-04-12 18:51:29,256 - drone_landing - INFO - Successful landing at position 70.72 with height 0.00
2025-04-12 18:51:29,447 - drone_landing - INFO - Successful landing at position 20.07 with height 0.93
2025-04-12 18:51:29,632 - drone_landing - INFO - Successful landing at position 48.76 with height 0.24
2025-04-12 18:51:29,821 - drone_landing - INFO - Successful landing at position 56.56 with height 0.85
2025-04-12 18:51:30,006 - drone_landing - INFO - Successful landing at position 3.08 with height 0.00
2025-04-12 18:51:30,189 - drone_landing - INFO - Successful landing at position 54.43 with height 0.00
2025-04-12 18:51:30,375 - drone_landing - INFO - Successful landing at position 4.86 with height 0.00
2025-04-12 18:51:30,550 - drone_landing - INFO - Successful landing at position 69.41 with height 1.77
2025-04-12 18:51:30,728 - drone_landing - INFO - Successful landing at position 35.84 with height 0.00
2025-04-12 18:51:30,874 - drone_landing - INFO - Episode 880/1000 | Avg Reward: 9.82 | Success Rate: 100.00% | Loss: Policy=-0.0000, Value=0.5741, Entropy=0.0000
2025-04-12 18:51:31,443 - drone_landing - INFO - Successful landing at position 8.75 with height 0.52
2025-04-12 18:51:31,623 - drone_landing - INFO - Successful landing at position 23.85 with height 0.00
2025-04-12 18:51:31,800 - drone_landing - INFO - Successful landing at position 68.28 with height 1.68
2025-04-12 18:51:31,966 - drone_landing - INFO - Successful landing at position 35.64 with height 0.00
2025-04-12 18:51:32,140 - drone_landing - INFO - Successful landing at position 91.40 with height 0.00
2025-04-12 18:51:32,324 - drone_landing - INFO - Successful landing at position 92.80 with height 0.00
2025-04-12 18:51:32,502 - drone_landing - INFO - Failed landing at position 43.31 with height 0.45 (uneven terrain)
2025-04-12 18:51:32,675 - drone_landing - INFO - Successful landing at position 78.86 with height 0.82
2025-04-12 18:51:32,842 - drone_landing - INFO - Failed landing at position 21.71 with height 1.80 (uneven terrain)
2025-04-12 18:51:33,015 - drone_landing - INFO - Successful landing at position 56.33 with height 0.00
2025-04-12 18:51:33,148 - drone_landing - INFO - Episode 890/1000 | Avg Reward: 6.82 | Success Rate: 80.00% | Loss: Policy=0.0000, Value=0.5076, Entropy=0.0000
2025-04-12 18:51:33,717 - drone_landing - INFO - Successful landing at position 36.78 with height 1.55
2025-04-12 18:51:33,889 - drone_landing - INFO - Successful landing at position 1.16 with height 0.00
2025-04-12 18:51:34,068 - drone_landing - INFO - Successful landing at position 10.60 with height 0.00
2025-04-12 18:51:34,245 - drone_landing - INFO - Successful landing at position 37.44 with height 0.00
2025-04-12 18:51:34,415 - drone_landing - INFO - Failed landing at position 52.76 with height 1.54 (uneven terrain)
2025-04-12 18:51:34,597 - drone_landing - INFO - Successful landing at position 2.42 with height 0.00
2025-04-12 18:51:34,790 - drone_landing - INFO - Successful landing at position 5.26 with height 0.00
2025-04-12 18:51:34,979 - drone_landing - INFO - Successful landing at position 46.60 with height 0.11
2025-04-12 18:51:35,158 - drone_landing - INFO - Failed landing at position 76.15 with height 1.49 (uneven terrain)
2025-04-12 18:51:35,321 - drone_landing - INFO - Successful landing at position 44.35 with height 0.00
2025-04-12 18:51:35,458 - drone_landing - INFO - Episode 900/1000 | Avg Reward: 6.82 | Success Rate: 80.00% | Loss: Policy=-0.0000, Value=0.5996, Entropy=0.0000
2025-04-12 18:51:36,154 - drone_landing - INFO - Failed landing at position 71.20 with height 1.40 (uneven terrain)
2025-04-12 18:51:36,331 - drone_landing - INFO - Failed landing at position 45.81 with height 0.31 (uneven terrain)
2025-04-12 18:51:36,515 - drone_landing - INFO - Successful landing at position 51.33 with height 1.03
2025-04-12 18:51:36,690 - drone_landing - INFO - Successful landing at position 53.73 with height 0.00
2025-04-12 18:51:36,871 - drone_landing - INFO - Successful landing at position 27.94 with height 1.73
2025-04-12 18:51:37,045 - drone_landing - INFO - Successful landing at position 87.82 with height 0.18
2025-04-12 18:51:37,227 - drone_landing - INFO - Failed landing at position 38.05 with height 1.04 (uneven terrain)
2025-04-12 18:51:37,451 - drone_landing - INFO - Successful landing at position 83.03 with height 0.00
2025-04-12 18:51:37,635 - drone_landing - INFO - Successful landing at position 68.57 with height 0.00
2025-04-12 18:51:37,831 - drone_landing - INFO - Successful landing at position 7.77 with height 0.00
2025-04-12 18:51:37,977 - drone_landing - INFO - Episode 910/1000 | Avg Reward: 5.32 | Success Rate: 70.00% | Loss: Policy=0.0000, Value=0.4247, Entropy=0.0000
2025-04-12 18:51:38,532 - drone_landing - INFO - Successful landing at position 16.68 with height 0.00
2025-04-12 18:51:38,721 - drone_landing - INFO - Successful landing at position 15.85 with height 1.23
2025-04-12 18:51:38,888 - drone_landing - INFO - Successful landing at position 45.03 with height 1.85
2025-04-12 18:51:39,055 - drone_landing - INFO - Failed landing at position 60.54 with height 0.39 (uneven terrain)
2025-04-12 18:51:39,246 - drone_landing - INFO - Successful landing at position 95.97 with height 0.00
2025-04-12 18:51:39,438 - drone_landing - INFO - Successful landing at position 20.94 with height 0.14
2025-04-12 18:51:39,627 - drone_landing - INFO - Failed landing at position 15.53 with height 0.38 (uneven terrain)
2025-04-12 18:51:39,815 - drone_landing - INFO - Successful landing at position 55.44 with height 1.18
2025-04-12 18:51:39,991 - drone_landing - INFO - Successful landing at position 94.00 with height 0.00
2025-04-12 18:51:40,171 - drone_landing - INFO - Successful landing at position 13.39 with height 0.00
2025-04-12 18:51:40,318 - drone_landing - INFO - Episode 920/1000 | Avg Reward: 6.82 | Success Rate: 80.00% | Loss: Policy=-0.0000, Value=0.8129, Entropy=0.0000
2025-04-12 18:51:40,881 - drone_landing - INFO - Failed landing at position 58.85 with height 0.49 (uneven terrain)
2025-04-12 18:51:41,067 - drone_landing - INFO - Successful landing at position 77.58 with height 0.00
2025-04-12 18:51:41,243 - drone_landing - INFO - Successful landing at position 11.92 with height 0.00
2025-04-12 18:51:41,417 - drone_landing - INFO - Successful landing at position 63.19 with height 0.00
2025-04-12 18:51:41,594 - drone_landing - INFO - Successful landing at position 93.30 with height 0.00
2025-04-12 18:51:41,768 - drone_landing - INFO - Successful landing at position 86.73 with height 0.00
2025-04-12 18:51:41,946 - drone_landing - INFO - Successful landing at position 51.20 with height 0.66
2025-04-12 18:51:42,113 - drone_landing - INFO - Failed landing at position 38.68 with height 0.93 (uneven terrain)
2025-04-12 18:51:42,289 - drone_landing - INFO - Successful landing at position 49.66 with height 0.00
2025-04-12 18:51:42,472 - drone_landing - INFO - Successful landing at position 58.83 with height 0.00
2025-04-12 18:51:42,614 - drone_landing - INFO - Episode 930/1000 | Avg Reward: 6.81 | Success Rate: 80.00% | Loss: Policy=-0.0000, Value=0.4686, Entropy=0.0000
2025-04-12 18:51:43,192 - drone_landing - INFO - Successful landing at position 34.28 with height 0.64
2025-04-12 18:51:43,374 - drone_landing - INFO - Failed landing at position 83.51 with height 0.92 (uneven terrain)
2025-04-12 18:51:43,556 - drone_landing - INFO - Failed landing at position 56.59 with height 0.27 (uneven terrain)
2025-04-12 18:51:43,748 - drone_landing - INFO - Successful landing at position 4.16 with height 0.00
2025-04-12 18:51:43,939 - drone_landing - INFO - Failed landing at position 12.52 with height 0.26 (uneven terrain)
2025-04-12 18:51:44,118 - drone_landing - INFO - Successful landing at position 46.05 with height 0.00
2025-04-12 18:51:44,306 - drone_landing - INFO - Successful landing at position 77.85 with height 0.00
2025-04-12 18:51:44,489 - drone_landing - INFO - Failed landing at position 5.41 with height 0.34 (uneven terrain)
2025-04-12 18:51:44,674 - drone_landing - INFO - Successful landing at position 53.73 with height 0.48
2025-04-12 18:51:44,856 - drone_landing - INFO - Successful landing at position 71.66 with height 1.23
2025-04-12 18:51:44,996 - drone_landing - INFO - Episode 940/1000 | Avg Reward: 3.81 | Success Rate: 60.00% | Loss: Policy=0.0000, Value=0.5321, Entropy=0.0000
2025-04-12 18:51:45,575 - drone_landing - INFO - Successful landing at position 70.59 with height 0.66
2025-04-12 18:51:45,760 - drone_landing - INFO - Successful landing at position 46.37 with height 0.00
2025-04-12 18:51:45,949 - drone_landing - INFO - Successful landing at position 91.91 with height 0.00
2025-04-12 18:51:46,137 - drone_landing - INFO - Successful landing at position 24.59 with height 0.99
2025-04-12 18:51:46,322 - drone_landing - INFO - Successful landing at position 17.54 with height 0.00
2025-04-12 18:51:46,510 - drone_landing - INFO - Successful landing at position 21.21 with height 1.24
2025-04-12 18:51:46,683 - drone_landing - INFO - Successful landing at position 53.69 with height 0.00
2025-04-12 18:51:46,869 - drone_landing - INFO - Successful landing at position 6.72 with height 0.00
2025-04-12 18:51:47,053 - drone_landing - INFO - Successful landing at position 58.73 with height 0.55
2025-04-12 18:51:47,229 - drone_landing - INFO - Successful landing at position 59.44 with height 1.73
2025-04-12 18:51:47,368 - drone_landing - INFO - Episode 950/1000 | Avg Reward: 9.82 | Success Rate: 100.00% | Loss: Policy=-0.0000, Value=0.7672, Entropy=0.0000
2025-04-12 18:51:48,053 - drone_landing - INFO - Successful landing at position 80.36 with height 0.37
2025-04-12 18:51:48,243 - drone_landing - INFO - Failed landing at position 1.77 with height 1.44 (uneven terrain)
2025-04-12 18:51:48,421 - drone_landing - INFO - Successful landing at position 31.28 with height 0.64
2025-04-12 18:51:48,616 - drone_landing - INFO - Successful landing at position 8.74 with height 0.00
2025-04-12 18:51:48,805 - drone_landing - INFO - Failed landing at position 31.32 with height 0.61 (uneven terrain)
2025-04-12 18:51:48,999 - drone_landing - INFO - Successful landing at position 5.15 with height 0.00
2025-04-12 18:51:49,182 - drone_landing - INFO - Successful landing at position 27.26 with height 0.77
2025-04-12 18:51:49,359 - drone_landing - INFO - Failed landing at position 77.34 with height 1.52 (uneven terrain)
2025-04-12 18:51:49,533 - drone_landing - INFO - Successful landing at position 49.58 with height 1.73
2025-04-12 18:51:49,711 - drone_landing - INFO - Failed landing at position 21.42 with height 0.64 (uneven terrain)
2025-04-12 18:51:49,857 - drone_landing - INFO - Episode 960/1000 | Avg Reward: 3.82 | Success Rate: 60.00% | Loss: Policy=-0.0000, Value=0.6003, Entropy=0.0000
2025-04-12 18:51:50,442 - drone_landing - INFO - Failed landing at position 13.82 with height 0.74 (uneven terrain)
2025-04-12 18:51:50,629 - drone_landing - INFO - Successful landing at position 27.55 with height 0.61
2025-04-12 18:51:50,799 - drone_landing - INFO - Successful landing at position 15.63 with height 0.00
2025-04-12 18:51:50,963 - drone_landing - INFO - Successful landing at position 14.21 with height 1.80
2025-04-12 18:51:51,124 - drone_landing - INFO - Failed landing at position 88.16 with height 0.69 (uneven terrain)
2025-04-12 18:51:51,294 - drone_landing - INFO - Successful landing at position 10.69 with height 1.63
2025-04-12 18:51:51,470 - drone_landing - INFO - Successful landing at position 5.47 with height 0.00
2025-04-12 18:51:51,649 - drone_landing - INFO - Successful landing at position 53.33 with height 0.00
2025-04-12 18:51:51,817 - drone_landing - INFO - Successful landing at position 76.97 with height 1.75
2025-04-12 18:51:51,989 - drone_landing - INFO - Successful landing at position 26.19 with height 0.00
2025-04-12 18:51:52,127 - drone_landing - INFO - Episode 970/1000 | Avg Reward: 6.82 | Success Rate: 80.00% | Loss: Policy=0.0000, Value=1.0335, Entropy=0.0000
2025-04-12 18:51:52,689 - drone_landing - INFO - Successful landing at position 32.59 with height 0.00
2025-04-12 18:51:52,907 - drone_landing - INFO - Successful landing at position 91.21 with height 0.00
2025-04-12 18:51:53,099 - drone_landing - INFO - Successful landing at position 75.76 with height 1.00
2025-04-12 18:51:53,288 - drone_landing - INFO - Successful landing at position 90.66 with height 0.00
2025-04-12 18:51:53,481 - drone_landing - INFO - Successful landing at position 2.81 with height 0.00
2025-04-12 18:51:53,675 - drone_landing - INFO - Failed landing at position 8.02 with height 0.59 (uneven terrain)
2025-04-12 18:51:53,863 - drone_landing - INFO - Successful landing at position 34.85 with height 0.00
2025-04-12 18:51:54,047 - drone_landing - INFO - Failed landing at position 86.05 with height 0.99 (uneven terrain)
2025-04-12 18:51:54,233 - drone_landing - INFO - Successful landing at position 59.58 with height 0.70
2025-04-12 18:51:54,420 - drone_landing - INFO - Successful landing at position 27.23 with height 0.00
2025-04-12 18:51:54,567 - drone_landing - INFO - Episode 980/1000 | Avg Reward: 6.82 | Success Rate: 80.00% | Loss: Policy=-0.0000, Value=0.6670, Entropy=0.0000
2025-04-12 18:51:55,139 - drone_landing - INFO - Failed landing at position 77.89 with height 0.78 (uneven terrain)
2025-04-12 18:51:55,322 - drone_landing - INFO - Failed landing at position 64.67 with height 0.69 (uneven terrain)
2025-04-12 18:51:55,497 - drone_landing - INFO - Successful landing at position 30.56 with height 1.98
2025-04-12 18:51:55,673 - drone_landing - INFO - Successful landing at position 9.30 with height 0.00
2025-04-12 18:51:55,853 - drone_landing - INFO - Successful landing at position 68.24 with height 1.76
2025-04-12 18:51:56,025 - drone_landing - INFO - Successful landing at position 59.04 with height 0.00
2025-04-12 18:51:56,206 - drone_landing - INFO - Successful landing at position 15.59 with height 0.77
2025-04-12 18:51:56,386 - drone_landing - INFO - Successful landing at position 38.12 with height 0.00
2025-04-12 18:51:56,568 - drone_landing - INFO - Successful landing at position 8.23 with height 1.16
2025-04-12 18:51:56,737 - drone_landing - INFO - Successful landing at position 46.50 with height 1.94
2025-04-12 18:51:56,871 - drone_landing - INFO - Episode 990/1000 | Avg Reward: 6.82 | Success Rate: 80.00% | Loss: Policy=0.0000, Value=0.5947, Entropy=0.0000
2025-04-12 18:51:57,525 - drone_landing - INFO - Successful landing at position 62.99 with height 0.00
2025-04-12 18:51:57,713 - drone_landing - INFO - Successful landing at position 16.17 with height 0.00
2025-04-12 18:51:57,895 - drone_landing - INFO - Failed landing at position 84.24 with height 1.28 (uneven terrain)
2025-04-12 18:51:58,074 - drone_landing - INFO - Successful landing at position 13.73 with height 0.00
2025-04-12 18:51:58,254 - drone_landing - INFO - Failed landing at position 3.58 with height 1.02 (uneven terrain)
2025-04-12 18:51:58,431 - drone_landing - INFO - Successful landing at position 33.01 with height 0.51
2025-04-12 18:51:58,613 - drone_landing - INFO - Failed landing at position 50.31 with height 1.40 (uneven terrain)
2025-04-12 18:51:58,785 - drone_landing - INFO - Successful landing at position 56.46 with height 1.11
2025-04-12 18:51:58,965 - drone_landing - INFO - Successful landing at position 23.93 with height 0.00
2025-04-12 18:51:59,143 - drone_landing - INFO - Successful landing at position 61.61 with height 0.60
2025-04-12 18:51:59,282 - drone_landing - INFO - Episode 1000/1000 | Avg Reward: 5.32 | Success Rate: 70.00% | Loss: Policy=-0.0000, Value=0.6026, Entropy=0.0000
2025-04-12 18:51:59,808 - drone_landing - INFO - Training completed!
2025-04-12 18:59:28,948 - drone_landing - INFO - Using device: cpu
2025-04-12 18:59:28,949 - drone_landing - INFO - Training drone landing with model type: cnn
2025-04-12 18:59:29,591 - drone_landing - INFO - Failed landing at position 20.69 with height 1.73 (uneven terrain)
2025-04-12 18:59:29,909 - drone_landing - INFO - Saved new best model with reward -5.59
2025-04-12 18:59:30,014 - drone_landing - INFO - Successful landing at position 19.46 with height 0.00
2025-04-12 18:59:30,290 - drone_landing - INFO - Saved new best model with reward 1.9050000000000002
2025-04-12 18:59:30,429 - drone_landing - INFO - Successful landing at position 34.69 with height 0.00
2025-04-12 18:59:30,843 - drone_landing - INFO - Saved new best model with reward 4.3500000000000005
2025-04-12 18:59:30,954 - drone_landing - INFO - Failed landing at position 21.73 with height 1.41 (uneven terrain)
2025-04-12 18:59:31,250 - drone_landing - INFO - Successful landing at position 29.44 with height 0.00
2025-04-12 18:59:31,593 - drone_landing - INFO - Episode timed out without landing
2025-04-12 18:59:32,042 - drone_landing - INFO - Successful landing at position 94.72 with height 0.00
2025-04-12 18:59:32,449 - drone_landing - INFO - Successful landing at position 87.74 with height 0.00
2025-04-12 18:59:32,917 - drone_landing - INFO - Successful landing at position 93.07 with height 0.00
2025-04-12 18:59:33,120 - drone_landing - INFO - Saved new best model with reward 4.779999999999999
2025-04-12 18:59:33,217 - drone_landing - INFO - Successful landing at position 44.10 with height 0.00
2025-04-12 18:59:33,456 - drone_landing - INFO - Episode 10/1000 | Avg Reward: 5.24 | Success Rate: 70.00% | Loss: Policy=-0.0171, Value=0.7947, Entropy=1.0232
2025-04-12 18:59:34,119 - drone_landing - INFO - Saved new best model with reward 5.241
2025-04-12 18:59:34,260 - drone_landing - INFO - Failed landing at position 80.44 with height 1.12 (uneven terrain)
2025-04-12 18:59:34,707 - drone_landing - INFO - Successful landing at position 59.70 with height 0.68
2025-04-12 18:59:35,124 - drone_landing - INFO - Successful landing at position 69.59 with height 1.72
2025-04-12 18:59:35,379 - drone_landing - INFO - Successful landing at position 59.50 with height 0.14
2025-04-12 18:59:35,584 - drone_landing - INFO - Saved new best model with reward 6.7299999999999995
2025-04-12 18:59:35,704 - drone_landing - INFO - Failed landing at position 37.81 with height 0.22 (uneven terrain)
2025-04-12 18:59:36,010 - drone_landing - INFO - Successful landing at position 24.07 with height 0.99
2025-04-12 18:59:36,325 - drone_landing - INFO - Successful landing at position 99.00 with height 0.00
2025-04-12 18:59:36,704 - drone_landing - INFO - Successful landing at position 42.04 with height 0.00
2025-04-12 18:59:36,864 - drone_landing - INFO - Successful landing at position 18.07 with height 0.00
2025-04-12 18:59:37,014 - drone_landing - INFO - Successful landing at position 77.78 with height 0.00
2025-04-12 18:59:37,133 - drone_landing - INFO - Episode 20/1000 | Avg Reward: 6.49 | Success Rate: 80.00% | Loss: Policy=-0.0283, Value=0.7977, Entropy=0.2137
2025-04-12 18:59:37,573 - drone_landing - INFO - Failed landing at position 27.28 with height 0.00 (uneven terrain)
2025-04-12 18:59:37,714 - drone_landing - INFO - Successful landing at position 16.58 with height 0.00
2025-04-12 18:59:37,854 - drone_landing - INFO - Successful landing at position 66.99 with height 0.13
2025-04-12 18:59:37,999 - drone_landing - INFO - Successful landing at position 35.73 with height 1.83
2025-04-12 18:59:38,137 - drone_landing - INFO - Successful landing at position 10.46 with height 0.00
2025-04-12 18:59:38,262 - drone_landing - INFO - Saved new best model with reward 8.203999999999999
2025-04-12 18:59:38,294 - drone_landing - INFO - Successful landing at position 40.38 with height 0.00
2025-04-12 18:59:38,421 - drone_landing - INFO - Saved new best model with reward 8.232000000000001
2025-04-12 18:59:38,449 - drone_landing - INFO - Failed landing at position 56.75 with height 1.59 (uneven terrain)
2025-04-12 18:59:38,587 - drone_landing - INFO - Failed landing at position 73.22 with height 0.00 (uneven terrain)
2025-04-12 18:59:38,731 - drone_landing - INFO - Successful landing at position 49.12 with height 1.03
2025-04-12 18:59:38,909 - drone_landing - INFO - Failed landing at position 78.21 with height 0.00 (uneven terrain)
2025-04-12 18:59:39,023 - drone_landing - INFO - Episode 30/1000 | Avg Reward: 3.80 | Success Rate: 60.00% | Loss: Policy=-0.0020, Value=0.7309, Entropy=0.2373
2025-04-12 18:59:39,545 - drone_landing - INFO - Successful landing at position 15.88 with height 0.73
2025-04-12 18:59:39,682 - drone_landing - INFO - Successful landing at position 69.95 with height 1.67
2025-04-12 18:59:39,828 - drone_landing - INFO - Successful landing at position 72.89 with height 0.00
2025-04-12 18:59:39,975 - drone_landing - INFO - Successful landing at position 41.81 with height 0.00
2025-04-12 18:59:40,132 - drone_landing - INFO - Successful landing at position 24.69 with height 0.00
2025-04-12 18:59:40,285 - drone_landing - INFO - Successful landing at position 5.24 with height 0.00
2025-04-12 18:59:40,431 - drone_landing - INFO - Successful landing at position 92.51 with height 0.00
2025-04-12 18:59:40,571 - drone_landing - INFO - Successful landing at position 55.98 with height 1.28
2025-04-12 18:59:40,692 - drone_landing - INFO - Saved new best model with reward 8.309
2025-04-12 18:59:40,723 - drone_landing - INFO - Successful landing at position 55.92 with height 1.39
2025-04-12 18:59:40,845 - drone_landing - INFO - Saved new best model with reward 8.309999999999999
2025-04-12 18:59:40,876 - drone_landing - INFO - Failed landing at position 42.13 with height 0.75 (uneven terrain)
2025-04-12 18:59:40,978 - drone_landing - INFO - Episode 40/1000 | Avg Reward: 8.31 | Success Rate: 90.00% | Loss: Policy=-0.0091, Value=0.6791, Entropy=0.1191
2025-04-12 18:59:41,522 - drone_landing - INFO - Saved new best model with reward 8.312999999999999
2025-04-12 18:59:41,556 - drone_landing - INFO - Failed landing at position 81.61 with height 1.13 (uneven terrain)
2025-04-12 18:59:41,705 - drone_landing - INFO - Successful landing at position 97.58 with height 0.00
2025-04-12 18:59:41,856 - drone_landing - INFO - Successful landing at position 21.53 with height 1.18
2025-04-12 18:59:42,002 - drone_landing - INFO - Failed landing at position 79.93 with height 1.35 (uneven terrain)
2025-04-12 18:59:42,144 - drone_landing - INFO - Successful landing at position 5.16 with height 0.00
2025-04-12 18:59:42,290 - drone_landing - INFO - Failed landing at position 59.40 with height 0.00 (uneven terrain)
2025-04-12 18:59:42,439 - drone_landing - INFO - Successful landing at position 0.83 with height 0.00
2025-04-12 18:59:42,584 - drone_landing - INFO - Successful landing at position 19.94 with height 0.85
2025-04-12 18:59:42,726 - drone_landing - INFO - Successful landing at position 49.27 with height 0.34
2025-04-12 18:59:42,869 - drone_landing - INFO - Failed landing at position 12.30 with height 0.44 (uneven terrain)
2025-04-12 18:59:42,978 - drone_landing - INFO - Episode 50/1000 | Avg Reward: 3.81 | Success Rate: 60.00% | Loss: Policy=-0.0000, Value=0.7633, Entropy=0.0509
2025-04-12 18:59:43,522 - drone_landing - INFO - Failed landing at position 64.37 with height 1.19 (uneven terrain)
2025-04-12 18:59:43,660 - drone_landing - INFO - Successful landing at position 19.44 with height 0.00
2025-04-12 18:59:43,804 - drone_landing - INFO - Successful landing at position 8.55 with height 0.00
2025-04-12 18:59:43,941 - drone_landing - INFO - Successful landing at position 23.03 with height 0.00
2025-04-12 18:59:44,078 - drone_landing - INFO - Successful landing at position 26.71 with height 0.00
2025-04-12 18:59:44,215 - drone_landing - INFO - Failed landing at position 39.52 with height 1.17 (uneven terrain)
2025-04-12 18:59:44,350 - drone_landing - INFO - Successful landing at position 81.74 with height 0.00
2025-04-12 18:59:44,500 - drone_landing - INFO - Failed landing at position 2.35 with height 0.00 (uneven terrain)
2025-04-12 18:59:44,639 - drone_landing - INFO - Failed landing at position 57.46 with height 0.91 (uneven terrain)
2025-04-12 18:59:44,790 - drone_landing - INFO - Successful landing at position 97.84 with height 0.00
2025-04-12 18:59:44,894 - drone_landing - INFO - Episode 60/1000 | Avg Reward: 3.81 | Success Rate: 60.00% | Loss: Policy=-0.0004, Value=0.8514, Entropy=0.0138
2025-04-12 18:59:45,533 - drone_landing - INFO - Successful landing at position 52.03 with height 0.00
2025-04-12 18:59:45,682 - drone_landing - INFO - Successful landing at position 69.89 with height 0.00
2025-04-12 18:59:45,833 - drone_landing - INFO - Successful landing at position 86.92 with height 0.00
2025-04-12 18:59:45,974 - drone_landing - INFO - Successful landing at position 33.04 with height 0.00
2025-04-12 18:59:46,117 - drone_landing - INFO - Successful landing at position 15.70 with height 0.99
2025-04-12 18:59:46,264 - drone_landing - INFO - Successful landing at position 19.57 with height 0.00
2025-04-12 18:59:46,421 - drone_landing - INFO - Successful landing at position 63.08 with height 0.00
2025-04-12 18:59:46,564 - drone_landing - INFO - Successful landing at position 98.89 with height 0.00
2025-04-12 18:59:46,706 - drone_landing - INFO - Successful landing at position 20.59 with height 1.34
2025-04-12 18:59:46,837 - drone_landing - INFO - Saved new best model with reward 9.813
2025-04-12 18:59:46,870 - drone_landing - INFO - Successful landing at position 23.46 with height 0.00
2025-04-12 18:59:46,982 - drone_landing - INFO - Episode 70/1000 | Avg Reward: 9.81 | Success Rate: 100.00% | Loss: Policy=0.0002, Value=0.8498, Entropy=0.0059
2025-04-12 18:59:47,519 - drone_landing - INFO - Successful landing at position 74.61 with height 0.00
2025-04-12 18:59:47,662 - drone_landing - INFO - Successful landing at position 36.81 with height 0.00
2025-04-12 18:59:47,805 - drone_landing - INFO - Successful landing at position 5.04 with height 1.22
2025-04-12 18:59:47,934 - drone_landing - INFO - Saved new best model with reward 9.814000000000002
2025-04-12 18:59:47,966 - drone_landing - INFO - Successful landing at position 62.96 with height 0.00
2025-04-12 18:59:48,105 - drone_landing - INFO - Failed landing at position 68.95 with height 0.63 (uneven terrain)
2025-04-12 18:59:48,242 - drone_landing - INFO - Successful landing at position 37.09 with height 1.30
2025-04-12 18:59:48,377 - drone_landing - INFO - Successful landing at position 34.57 with height 0.00
2025-04-12 18:59:48,517 - drone_landing - INFO - Successful landing at position 8.81 with height 0.63
2025-04-12 18:59:48,656 - drone_landing - INFO - Successful landing at position 48.44 with height 1.50
2025-04-12 18:59:48,793 - drone_landing - INFO - Successful landing at position 66.83 with height 0.00
2025-04-12 18:59:48,905 - drone_landing - INFO - Episode 80/1000 | Avg Reward: 8.32 | Success Rate: 90.00% | Loss: Policy=0.0001, Value=0.8356, Entropy=0.0213
2025-04-12 18:59:49,445 - drone_landing - INFO - Failed landing at position 7.91 with height 0.84 (uneven terrain)
2025-04-12 18:59:49,588 - drone_landing - INFO - Successful landing at position 20.88 with height 0.00
2025-04-12 18:59:49,726 - drone_landing - INFO - Successful landing at position 46.66 with height 0.00
2025-04-12 18:59:49,863 - drone_landing - INFO - Successful landing at position 76.32 with height 0.75
2025-04-12 18:59:49,998 - drone_landing - INFO - Failed landing at position 63.07 with height 0.36 (uneven terrain)
2025-04-12 18:59:50,134 - drone_landing - INFO - Successful landing at position 17.78 with height 0.00
2025-04-12 18:59:50,267 - drone_landing - INFO - Failed landing at position 48.48 with height 0.61 (uneven terrain)
2025-04-12 18:59:50,399 - drone_landing - INFO - Failed landing at position 24.09 with height 0.57 (uneven terrain)
2025-04-12 18:59:50,535 - drone_landing - INFO - Successful landing at position 57.21 with height 0.70
2025-04-12 18:59:50,680 - drone_landing - INFO - Successful landing at position 15.99 with height 0.23
2025-04-12 18:59:50,798 - drone_landing - INFO - Episode 90/1000 | Avg Reward: 3.81 | Success Rate: 60.00% | Loss: Policy=-0.0063, Value=0.9023, Entropy=0.1950
2025-04-12 18:59:51,331 - drone_landing - INFO - Successful landing at position 95.67 with height 0.00
2025-04-12 18:59:51,475 - drone_landing - INFO - Successful landing at position 42.91 with height 0.00
2025-04-12 18:59:51,651 - drone_landing - INFO - Failed landing at position 80.56 with height 1.02 (uneven terrain)
2025-04-12 18:59:51,801 - drone_landing - INFO - Successful landing at position 10.50 with height 0.00
2025-04-12 18:59:51,945 - drone_landing - INFO - Successful landing at position 8.84 with height 1.32
2025-04-12 18:59:52,092 - drone_landing - INFO - Successful landing at position 23.16 with height 0.00
2025-04-12 18:59:52,239 - drone_landing - INFO - Successful landing at position 88.73 with height 0.00
2025-04-12 18:59:52,388 - drone_landing - INFO - Failed landing at position 5.46 with height 0.58 (uneven terrain)
2025-04-12 18:59:52,533 - drone_landing - INFO - Successful landing at position 5.42 with height 0.00
2025-04-12 18:59:52,682 - drone_landing - INFO - Successful landing at position 62.09 with height 1.02
2025-04-12 18:59:52,797 - drone_landing - INFO - Episode 100/1000 | Avg Reward: 6.81 | Success Rate: 80.00% | Loss: Policy=-0.0002, Value=0.8795, Entropy=0.0050
2025-04-12 18:59:53,326 - drone_landing - INFO - Failed landing at position 51.48 with height 0.98 (uneven terrain)
2025-04-12 18:59:53,487 - drone_landing - INFO - Successful landing at position 89.71 with height 0.00
2025-04-12 18:59:53,639 - drone_landing - INFO - Successful landing at position 83.92 with height 0.10
2025-04-12 18:59:53,788 - drone_landing - INFO - Successful landing at position 97.66 with height 0.00
2025-04-12 18:59:53,935 - drone_landing - INFO - Successful landing at position 78.79 with height 0.93
2025-04-12 18:59:54,085 - drone_landing - INFO - Successful landing at position 52.35 with height 0.00
2025-04-12 18:59:54,228 - drone_landing - INFO - Successful landing at position 87.44 with height 0.00
2025-04-12 18:59:54,373 - drone_landing - INFO - Failed landing at position 38.74 with height 0.37 (uneven terrain)
2025-04-12 18:59:54,517 - drone_landing - INFO - Successful landing at position 24.60 with height 1.45
2025-04-12 18:59:54,657 - drone_landing - INFO - Successful landing at position 87.46 with height 0.00
2025-04-12 18:59:54,771 - drone_landing - INFO - Episode 110/1000 | Avg Reward: 6.81 | Success Rate: 80.00% | Loss: Policy=-0.0000, Value=0.9232, Entropy=0.0080
2025-04-12 18:59:55,397 - drone_landing - INFO - Failed landing at position 16.92 with height 1.33 (uneven terrain)
2025-04-12 18:59:55,543 - drone_landing - INFO - Failed landing at position 26.95 with height 0.94 (uneven terrain)
2025-04-12 18:59:55,691 - drone_landing - INFO - Successful landing at position 92.51 with height 0.00
2025-04-12 18:59:55,841 - drone_landing - INFO - Successful landing at position 8.13 with height 0.00
2025-04-12 18:59:55,993 - drone_landing - INFO - Successful landing at position 78.21 with height 0.00
2025-04-12 18:59:56,144 - drone_landing - INFO - Successful landing at position 14.55 with height 0.32
2025-04-12 18:59:56,286 - drone_landing - INFO - Failed landing at position 78.89 with height 1.17 (uneven terrain)
2025-04-12 18:59:56,422 - drone_landing - INFO - Successful landing at position 67.69 with height 0.00
2025-04-12 18:59:56,572 - drone_landing - INFO - Successful landing at position 81.00 with height 0.00
2025-04-12 18:59:56,720 - drone_landing - INFO - Failed landing at position 51.10 with height 0.87 (uneven terrain)
2025-04-12 18:59:56,834 - drone_landing - INFO - Episode 120/1000 | Avg Reward: 3.82 | Success Rate: 60.00% | Loss: Policy=-0.0000, Value=0.7236, Entropy=0.0153
2025-04-12 18:59:57,373 - drone_landing - INFO - Successful landing at position 45.48 with height 1.79
2025-04-12 18:59:57,513 - drone_landing - INFO - Successful landing at position 43.60 with height 0.00
2025-04-12 18:59:57,654 - drone_landing - INFO - Successful landing at position 54.90 with height 0.00
2025-04-12 18:59:57,799 - drone_landing - INFO - Successful landing at position 13.67 with height 0.74
2025-04-12 18:59:57,938 - drone_landing - INFO - Successful landing at position 27.92 with height 1.37
2025-04-12 18:59:58,074 - drone_landing - INFO - Successful landing at position 74.79 with height 1.96
2025-04-12 18:59:58,210 - drone_landing - INFO - Failed landing at position 91.33 with height 0.48 (uneven terrain)
2025-04-12 18:59:58,353 - drone_landing - INFO - Failed landing at position 73.88 with height 1.23 (uneven terrain)
2025-04-12 18:59:58,491 - drone_landing - INFO - Successful landing at position 61.16 with height 0.00
2025-04-12 18:59:58,639 - drone_landing - INFO - Successful landing at position 52.94 with height 0.74
2025-04-12 18:59:58,743 - drone_landing - INFO - Episode 130/1000 | Avg Reward: 6.82 | Success Rate: 80.00% | Loss: Policy=-0.0001, Value=0.7390, Entropy=0.0081
2025-04-12 18:59:59,268 - drone_landing - INFO - Successful landing at position 43.64 with height 1.13
2025-04-12 18:59:59,402 - drone_landing - INFO - Successful landing at position 29.68 with height 0.00
2025-04-12 18:59:59,536 - drone_landing - INFO - Successful landing at position 30.63 with height 0.00
2025-04-12 18:59:59,678 - drone_landing - INFO - Successful landing at position 84.82 with height 0.00
2025-04-12 18:59:59,822 - drone_landing - INFO - Successful landing at position 61.72 with height 0.16
2025-04-12 18:59:59,959 - drone_landing - INFO - Failed landing at position 92.85 with height 0.50 (uneven terrain)
2025-04-12 19:00:00,097 - drone_landing - INFO - Successful landing at position 18.80 with height 0.00
2025-04-12 19:00:00,237 - drone_landing - INFO - Failed landing at position 50.06 with height 0.20 (uneven terrain)
2025-04-12 19:00:00,369 - drone_landing - INFO - Successful landing at position 55.90 with height 1.71
2025-04-12 19:00:00,509 - drone_landing - INFO - Successful landing at position 19.64 with height 0.14
2025-04-12 19:00:00,615 - drone_landing - INFO - Episode 140/1000 | Avg Reward: 6.81 | Success Rate: 80.00% | Loss: Policy=-0.0001, Value=0.8427, Entropy=0.0073
2025-04-12 19:00:01,167 - drone_landing - INFO - Successful landing at position 51.81 with height 0.61
2025-04-12 19:00:01,301 - drone_landing - INFO - Successful landing at position 19.17 with height 1.35
2025-04-12 19:00:01,432 - drone_landing - INFO - Successful landing at position 64.85 with height 0.00
2025-04-12 19:00:01,568 - drone_landing - INFO - Successful landing at position 34.29 with height 0.00
2025-04-12 19:00:01,705 - drone_landing - INFO - Successful landing at position 69.93 with height 1.31
2025-04-12 19:00:01,839 - drone_landing - INFO - Successful landing at position 72.36 with height 1.54
2025-04-12 19:00:01,967 - drone_landing - INFO - Successful landing at position 29.82 with height 1.25
2025-04-12 19:00:02,101 - drone_landing - INFO - Failed landing at position 42.18 with height 0.33 (uneven terrain)
2025-04-12 19:00:02,244 - drone_landing - INFO - Failed landing at position 48.56 with height 0.96 (uneven terrain)
2025-04-12 19:00:02,379 - drone_landing - INFO - Failed landing at position 54.37 with height 0.64 (uneven terrain)
2025-04-12 19:00:02,478 - drone_landing - INFO - Episode 150/1000 | Avg Reward: 5.32 | Success Rate: 70.00% | Loss: Policy=0.0000, Value=0.7474, Entropy=0.0004
2025-04-12 19:00:03,139 - drone_landing - INFO - Successful landing at position 31.78 with height 0.00
2025-04-12 19:00:03,281 - drone_landing - INFO - Successful landing at position 25.92 with height 0.00
2025-04-12 19:00:03,420 - drone_landing - INFO - Successful landing at position 51.01 with height 0.53
2025-04-12 19:00:03,563 - drone_landing - INFO - Successful landing at position 77.65 with height 1.13
2025-04-12 19:00:03,700 - drone_landing - INFO - Failed landing at position 50.62 with height 0.67 (uneven terrain)
2025-04-12 19:00:03,851 - drone_landing - INFO - Successful landing at position 89.20 with height 0.00
2025-04-12 19:00:04,001 - drone_landing - INFO - Successful landing at position 96.12 with height 0.00
2025-04-12 19:00:04,132 - drone_landing - INFO - Successful landing at position 68.63 with height 1.92
2025-04-12 19:00:04,268 - drone_landing - INFO - Failed landing at position 73.22 with height 0.63 (uneven terrain)
2025-04-12 19:00:04,407 - drone_landing - INFO - Successful landing at position 89.48 with height 0.00
2025-04-12 19:00:04,514 - drone_landing - INFO - Episode 160/1000 | Avg Reward: 6.82 | Success Rate: 80.00% | Loss: Policy=-0.0000, Value=0.8123, Entropy=0.0031
2025-04-12 19:00:05,102 - drone_landing - INFO - Successful landing at position 21.66 with height 0.00
2025-04-12 19:00:05,236 - drone_landing - INFO - Successful landing at position 86.71 with height 0.00
2025-04-12 19:00:05,374 - drone_landing - INFO - Successful landing at position 74.22 with height 0.00
2025-04-12 19:00:05,535 - drone_landing - INFO - Failed landing at position 34.99 with height 1.87 (uneven terrain)
2025-04-12 19:00:05,671 - drone_landing - INFO - Successful landing at position 43.11 with height 0.00
2025-04-12 19:00:05,811 - drone_landing - INFO - Successful landing at position 57.50 with height 0.00
2025-04-12 19:00:05,952 - drone_landing - INFO - Successful landing at position 95.77 with height 0.00
2025-04-12 19:00:06,092 - drone_landing - INFO - Successful landing at position 61.05 with height 1.34
2025-04-12 19:00:06,226 - drone_landing - INFO - Successful landing at position 81.20 with height 1.63
2025-04-12 19:00:06,366 - drone_landing - INFO - Successful landing at position 62.86 with height 0.00
2025-04-12 19:00:06,478 - drone_landing - INFO - Episode 170/1000 | Avg Reward: 8.32 | Success Rate: 90.00% | Loss: Policy=0.0000, Value=0.9324, Entropy=0.0083
2025-04-12 19:00:07,047 - drone_landing - INFO - Successful landing at position 53.07 with height 0.89
2025-04-12 19:00:07,201 - drone_landing - INFO - Failed landing at position 25.20 with height 1.55 (uneven terrain)
2025-04-12 19:00:07,338 - drone_landing - INFO - Successful landing at position 36.69 with height 0.00
2025-04-12 19:00:07,486 - drone_landing - INFO - Successful landing at position 6.13 with height 0.00
2025-04-12 19:00:07,623 - drone_landing - INFO - Failed landing at position 16.10 with height 0.71 (uneven terrain)
2025-04-12 19:00:07,756 - drone_landing - INFO - Successful landing at position 34.82 with height 1.49
2025-04-12 19:00:07,895 - drone_landing - INFO - Failed landing at position 45.97 with height 0.69 (uneven terrain)
2025-04-12 19:00:08,034 - drone_landing - INFO - Failed landing at position 4.18 with height 1.55 (uneven terrain)
2025-04-12 19:00:08,167 - drone_landing - INFO - Failed landing at position 80.78 with height 0.42 (uneven terrain)
2025-04-12 19:00:08,306 - drone_landing - INFO - Successful landing at position 16.49 with height 0.00
2025-04-12 19:00:08,412 - drone_landing - INFO - Episode 180/1000 | Avg Reward: 2.32 | Success Rate: 50.00% | Loss: Policy=-0.0004, Value=0.7813, Entropy=0.0074
2025-04-12 19:00:08,994 - drone_landing - INFO - Successful landing at position 4.45 with height 0.00
2025-04-12 19:00:09,141 - drone_landing - INFO - Successful landing at position 82.95 with height 0.00
2025-04-12 19:00:09,276 - drone_landing - INFO - Successful landing at position 30.96 with height 0.00
2025-04-12 19:00:09,406 - drone_landing - INFO - Successful landing at position 32.50 with height 0.00
2025-04-12 19:00:09,537 - drone_landing - INFO - Successful landing at position 50.54 with height 0.74
2025-04-12 19:00:09,669 - drone_landing - INFO - Successful landing at position 67.82 with height 1.15
2025-04-12 19:00:09,810 - drone_landing - INFO - Successful landing at position 81.12 with height 0.00
2025-04-12 19:00:09,952 - drone_landing - INFO - Failed landing at position 5.69 with height 0.85 (uneven terrain)
2025-04-12 19:00:10,091 - drone_landing - INFO - Successful landing at position 77.95 with height 0.00
2025-04-12 19:00:10,226 - drone_landing - INFO - Successful landing at position 16.49 with height 0.89
2025-04-12 19:00:10,330 - drone_landing - INFO - Episode 190/1000 | Avg Reward: 8.32 | Success Rate: 90.00% | Loss: Policy=-0.0004, Value=0.9051, Entropy=0.0120
2025-04-12 19:00:10,879 - drone_landing - INFO - Failed landing at position 62.68 with height 1.45 (uneven terrain)
2025-04-12 19:00:11,017 - drone_landing - INFO - Successful landing at position 77.56 with height 0.00
2025-04-12 19:00:11,162 - drone_landing - INFO - Successful landing at position 90.27 with height 0.00
2025-04-12 19:00:11,300 - drone_landing - INFO - Failed landing at position 72.91 with height 0.00 (uneven terrain)
2025-04-12 19:00:11,445 - drone_landing - INFO - Successful landing at position 11.99 with height 0.00
2025-04-12 19:00:11,585 - drone_landing - INFO - Failed landing at position 57.99 with height 0.25 (uneven terrain)
2025-04-12 19:00:11,722 - drone_landing - INFO - Successful landing at position 66.83 with height 0.00
2025-04-12 19:00:11,856 - drone_landing - INFO - Successful landing at position 52.63 with height 1.03
2025-04-12 19:00:11,998 - drone_landing - INFO - Successful landing at position 4.67 with height 0.00
2025-04-12 19:00:12,139 - drone_landing - INFO - Successful landing at position 7.95 with height 0.00
2025-04-12 19:00:12,245 - drone_landing - INFO - Episode 200/1000 | Avg Reward: 5.31 | Success Rate: 70.00% | Loss: Policy=0.0000, Value=0.8248, Entropy=0.0154
2025-04-12 19:00:12,927 - drone_landing - INFO - Successful landing at position 53.28 with height 0.00
2025-04-12 19:00:13,081 - drone_landing - INFO - Successful landing at position 85.83 with height 0.00
2025-04-12 19:00:13,234 - drone_landing - INFO - Failed landing at position 8.87 with height 0.80 (uneven terrain)
2025-04-12 19:00:13,381 - drone_landing - INFO - Successful landing at position 25.80 with height 0.89
2025-04-12 19:00:13,526 - drone_landing - INFO - Successful landing at position 20.58 with height 0.00
2025-04-12 19:00:13,669 - drone_landing - INFO - Successful landing at position 57.22 with height 1.78
2025-04-12 19:00:13,798 - drone_landing - INFO - Successful landing at position 61.09 with height 1.13
2025-04-12 19:00:13,930 - drone_landing - INFO - Failed landing at position 25.97 with height 0.69 (uneven terrain)
2025-04-12 19:00:14,069 - drone_landing - INFO - Failed landing at position 58.24 with height 0.63 (uneven terrain)
2025-04-12 19:00:14,208 - drone_landing - INFO - Successful landing at position 91.50 with height 0.00
2025-04-12 19:00:14,318 - drone_landing - INFO - Episode 210/1000 | Avg Reward: 5.32 | Success Rate: 70.00% | Loss: Policy=-0.0001, Value=0.8170, Entropy=0.0022
2025-04-12 19:00:14,852 - drone_landing - INFO - Failed landing at position 29.52 with height 1.73 (uneven terrain)
2025-04-12 19:00:14,985 - drone_landing - INFO - Successful landing at position 31.50 with height 0.00
2025-04-12 19:00:15,138 - drone_landing - INFO - Successful landing at position 36.39 with height 0.78
2025-04-12 19:00:15,291 - drone_landing - INFO - Successful landing at position 58.50 with height 0.00
2025-04-12 19:00:15,438 - drone_landing - INFO - Successful landing at position 89.74 with height 0.00
2025-04-12 19:00:15,575 - drone_landing - INFO - Successful landing at position 30.87 with height 1.09
2025-04-12 19:00:15,713 - drone_landing - INFO - Failed landing at position 73.53 with height 0.58 (uneven terrain)
2025-04-12 19:00:15,850 - drone_landing - INFO - Failed landing at position 25.07 with height 1.32 (uneven terrain)
2025-04-12 19:00:15,985 - drone_landing - INFO - Successful landing at position 51.61 with height 0.95
2025-04-12 19:00:16,124 - drone_landing - INFO - Successful landing at position 77.17 with height 0.00
2025-04-12 19:00:16,231 - drone_landing - INFO - Episode 220/1000 | Avg Reward: 5.32 | Success Rate: 70.00% | Loss: Policy=-0.0000, Value=0.8378, Entropy=0.0040
2025-04-12 19:00:16,760 - drone_landing - INFO - Successful landing at position 40.50 with height 0.70
2025-04-12 19:00:16,897 - drone_landing - INFO - Successful landing at position 6.02 with height 0.00
2025-04-12 19:00:17,031 - drone_landing - INFO - Successful landing at position 34.13 with height 0.00
2025-04-12 19:00:17,169 - drone_landing - INFO - Failed landing at position 31.35 with height 0.51 (uneven terrain)
2025-04-12 19:00:17,309 - drone_landing - INFO - Successful landing at position 80.92 with height 0.00
2025-04-12 19:00:17,448 - drone_landing - INFO - Successful landing at position 59.12 with height 0.00
2025-04-12 19:00:17,625 - drone_landing - INFO - Successful landing at position 51.78 with height 0.00
2025-04-12 19:00:17,764 - drone_landing - INFO - Failed landing at position 34.21 with height 1.25 (uneven terrain)
2025-04-12 19:00:17,906 - drone_landing - INFO - Successful landing at position 93.96 with height 0.00
2025-04-12 19:00:18,044 - drone_landing - INFO - Failed landing at position 22.08 with height 1.16 (uneven terrain)
2025-04-12 19:00:18,146 - drone_landing - INFO - Episode 230/1000 | Avg Reward: 5.32 | Success Rate: 70.00% | Loss: Policy=0.0000, Value=0.6860, Entropy=0.0001
2025-04-12 19:00:18,687 - drone_landing - INFO - Successful landing at position 44.02 with height 0.00
2025-04-12 19:00:18,848 - drone_landing - INFO - Successful landing at position 73.76 with height 0.87
2025-04-12 19:00:18,989 - drone_landing - INFO - Successful landing at position 55.56 with height 0.00
2025-04-12 19:00:19,131 - drone_landing - INFO - Successful landing at position 3.42 with height 0.00
2025-04-12 19:00:19,269 - drone_landing - INFO - Successful landing at position 91.36 with height 0.00
2025-04-12 19:00:19,411 - drone_landing - INFO - Successful landing at position 53.01 with height 0.00
2025-04-12 19:00:19,547 - drone_landing - INFO - Successful landing at position 50.48 with height 1.63
2025-04-12 19:00:19,689 - drone_landing - INFO - Successful landing at position 98.67 with height 0.00
2025-04-12 19:00:19,836 - drone_landing - INFO - Successful landing at position 0.69 with height 0.00
2025-04-12 19:00:19,982 - drone_landing - INFO - Successful landing at position 68.27 with height 0.11
2025-04-12 19:00:20,093 - drone_landing - INFO - Episode 240/1000 | Avg Reward: 9.81 | Success Rate: 100.00% | Loss: Policy=-0.0001, Value=0.8371, Entropy=0.0017
2025-04-12 19:00:20,644 - drone_landing - INFO - Successful landing at position 78.30 with height 0.00
2025-04-12 19:00:20,787 - drone_landing - INFO - Successful landing at position 89.49 with height 0.00
2025-04-12 19:00:20,928 - drone_landing - INFO - Failed landing at position 16.43 with height 0.00 (uneven terrain)
2025-04-12 19:00:21,072 - drone_landing - INFO - Successful landing at position 75.33 with height 0.00
2025-04-12 19:00:21,216 - drone_landing - INFO - Successful landing at position 31.74 with height 0.00
2025-04-12 19:00:21,352 - drone_landing - INFO - Failed landing at position 77.48 with height 1.18 (uneven terrain)
2025-04-12 19:00:21,484 - drone_landing - INFO - Failed landing at position 72.19 with height 0.76 (uneven terrain)
2025-04-12 19:00:21,631 - drone_landing - INFO - Failed landing at position 15.99 with height 0.53 (uneven terrain)
2025-04-12 19:00:21,771 - drone_landing - INFO - Failed landing at position 72.08 with height 0.44 (uneven terrain)
2025-04-12 19:00:21,906 - drone_landing - INFO - Successful landing at position 49.59 with height 1.12
2025-04-12 19:00:22,006 - drone_landing - INFO - Episode 250/1000 | Avg Reward: 2.32 | Success Rate: 50.00% | Loss: Policy=-0.0002, Value=0.5602, Entropy=0.0042
2025-04-12 19:00:22,675 - drone_landing - INFO - Successful landing at position 84.55 with height 0.00
2025-04-12 19:00:22,821 - drone_landing - INFO - Successful landing at position 3.58 with height 0.00
2025-04-12 19:00:22,960 - drone_landing - INFO - Successful landing at position 74.44 with height 0.56
2025-04-12 19:00:23,095 - drone_landing - INFO - Failed landing at position 2.01 with height 0.61 (uneven terrain)
2025-04-12 19:00:23,241 - drone_landing - INFO - Successful landing at position 8.16 with height 0.00
2025-04-12 19:00:23,388 - drone_landing - INFO - Successful landing at position 98.27 with height 0.00
2025-04-12 19:00:23,535 - drone_landing - INFO - Successful landing at position 90.74 with height 0.00
2025-04-12 19:00:23,676 - drone_landing - INFO - Failed landing at position 42.41 with height 1.43 (uneven terrain)
2025-04-12 19:00:23,818 - drone_landing - INFO - Successful landing at position 46.90 with height 0.61
2025-04-12 19:00:23,959 - drone_landing - INFO - Successful landing at position 73.71 with height 0.00
2025-04-12 19:00:24,068 - drone_landing - INFO - Episode 260/1000 | Avg Reward: 6.82 | Success Rate: 80.00% | Loss: Policy=-0.0000, Value=0.8720, Entropy=0.0007
2025-04-12 19:00:24,627 - drone_landing - INFO - Successful landing at position 57.15 with height 1.55
2025-04-12 19:00:24,773 - drone_landing - INFO - Successful landing at position 4.94 with height 0.00
2025-04-12 19:00:24,921 - drone_landing - INFO - Failed landing at position 23.26 with height 1.05 (uneven terrain)
2025-04-12 19:00:25,059 - drone_landing - INFO - Successful landing at position 76.05 with height 1.25
2025-04-12 19:00:25,204 - drone_landing - INFO - Successful landing at position 72.29 with height 0.00
2025-04-12 19:00:25,344 - drone_landing - INFO - Successful landing at position 81.14 with height 1.48
2025-04-12 19:00:25,476 - drone_landing - INFO - Successful landing at position 32.90 with height 1.97
2025-04-12 19:00:25,618 - drone_landing - INFO - Successful landing at position 71.70 with height 0.00
2025-04-12 19:00:25,758 - drone_landing - INFO - Failed landing at position 56.59 with height 0.62 (uneven terrain)
2025-04-12 19:00:25,903 - drone_landing - INFO - Successful landing at position 76.57 with height 0.00
2025-04-12 19:00:26,014 - drone_landing - INFO - Episode 270/1000 | Avg Reward: 6.82 | Success Rate: 80.00% | Loss: Policy=-0.0000, Value=0.8837, Entropy=0.0000
2025-04-12 19:00:26,550 - drone_landing - INFO - Failed landing at position 38.50 with height 0.25 (uneven terrain)
2025-04-12 19:00:26,693 - drone_landing - INFO - Successful landing at position 57.79 with height 0.00
2025-04-12 19:00:26,842 - drone_landing - INFO - Successful landing at position 7.36 with height 0.00
2025-04-12 19:00:26,992 - drone_landing - INFO - Successful landing at position 29.79 with height 0.14
2025-04-12 19:00:27,137 - drone_landing - INFO - Successful landing at position 73.90 with height 1.26
2025-04-12 19:00:27,277 - drone_landing - INFO - Successful landing at position 82.67 with height 0.00
2025-04-12 19:00:27,422 - drone_landing - INFO - Successful landing at position 88.52 with height 0.00
2025-04-12 19:00:27,572 - drone_landing - INFO - Successful landing at position 3.93 with height 0.00
2025-04-12 19:00:27,714 - drone_landing - INFO - Successful landing at position 47.30 with height 0.00
2025-04-12 19:00:27,859 - drone_landing - INFO - Successful landing at position 86.01 with height 0.00
2025-04-12 19:00:27,972 - drone_landing - INFO - Episode 280/1000 | Avg Reward: 8.31 | Success Rate: 90.00% | Loss: Policy=0.0000, Value=0.8474, Entropy=0.0000
2025-04-12 19:00:28,526 - drone_landing - INFO - Successful landing at position 24.20 with height 0.23
2025-04-12 19:00:28,669 - drone_landing - INFO - Successful landing at position 48.45 with height 0.64
2025-04-12 19:00:28,808 - drone_landing - INFO - Failed landing at position 85.71 with height 0.43 (uneven terrain)
2025-04-12 19:00:28,947 - drone_landing - INFO - Successful landing at position 37.46 with height 1.69
2025-04-12 19:00:29,077 - drone_landing - INFO - Successful landing at position 15.18 with height 1.48
2025-04-12 19:00:29,204 - drone_landing - INFO - Successful landing at position 32.92 with height 0.80
2025-04-12 19:00:29,338 - drone_landing - INFO - Successful landing at position 81.66 with height 0.00
2025-04-12 19:00:29,474 - drone_landing - INFO - Successful landing at position 29.51 with height 1.42
2025-04-12 19:00:29,609 - drone_landing - INFO - Successful landing at position 67.41 with height 0.00
2025-04-12 19:00:29,745 - drone_landing - INFO - Successful landing at position 62.01 with height 0.00
2025-04-12 19:00:29,855 - drone_landing - INFO - Episode 290/1000 | Avg Reward: 8.32 | Success Rate: 90.00% | Loss: Policy=-0.0000, Value=0.7534, Entropy=0.0000
2025-04-12 19:00:30,518 - drone_landing - INFO - Failed landing at position 13.58 with height 0.21 (uneven terrain)
2025-04-12 19:00:30,677 - drone_landing - INFO - Successful landing at position 71.90 with height 0.00
2025-04-12 19:00:30,855 - drone_landing - INFO - Failed landing at position 85.27 with height 0.98 (uneven terrain)
2025-04-12 19:00:30,995 - drone_landing - INFO - Successful landing at position 55.64 with height 0.00
2025-04-12 19:00:31,136 - drone_landing - INFO - Successful landing at position 76.78 with height 0.00
2025-04-12 19:00:31,270 - drone_landing - INFO - Successful landing at position 35.03 with height 0.00
2025-04-12 19:00:31,407 - drone_landing - INFO - Successful landing at position 3.54 with height 0.92
2025-04-12 19:00:31,548 - drone_landing - INFO - Successful landing at position 89.34 with height 0.00
2025-04-12 19:00:31,676 - drone_landing - INFO - Successful landing at position 53.14 with height 1.48
2025-04-12 19:00:31,804 - drone_landing - INFO - Successful landing at position 63.28 with height 1.40
2025-04-12 19:00:31,910 - drone_landing - INFO - Episode 300/1000 | Avg Reward: 6.82 | Success Rate: 80.00% | Loss: Policy=-0.0000, Value=0.8233, Entropy=0.0000
2025-04-12 19:00:32,476 - drone_landing - INFO - Failed landing at position 24.12 with height 1.59 (uneven terrain)
2025-04-12 19:00:32,606 - drone_landing - INFO - Successful landing at position 96.20 with height 0.00
2025-04-12 19:00:32,742 - drone_landing - INFO - Successful landing at position 25.99 with height 0.00
2025-04-12 19:00:32,886 - drone_landing - INFO - Successful landing at position 51.46 with height 0.00
2025-04-12 19:00:33,029 - drone_landing - INFO - Successful landing at position 94.51 with height 0.00
2025-04-12 19:00:33,161 - drone_landing - INFO - Successful landing at position 47.62 with height 1.12
2025-04-12 19:00:33,289 - drone_landing - INFO - Successful landing at position 49.25 with height 1.19
2025-04-12 19:00:33,422 - drone_landing - INFO - Successful landing at position 4.09 with height 0.91
2025-04-12 19:00:33,560 - drone_landing - INFO - Successful landing at position 64.03 with height 0.59
2025-04-12 19:00:33,699 - drone_landing - INFO - Successful landing at position 0.32 with height 0.00
2025-04-12 19:00:33,803 - drone_landing - INFO - Episode 310/1000 | Avg Reward: 8.32 | Success Rate: 90.00% | Loss: Policy=0.0000, Value=0.8522, Entropy=0.0001
2025-04-12 19:00:34,364 - drone_landing - INFO - Failed landing at position 56.60 with height 0.93 (uneven terrain)
2025-04-12 19:00:34,504 - drone_landing - INFO - Successful landing at position 26.73 with height 0.00
2025-04-12 19:00:34,647 - drone_landing - INFO - Failed landing at position 83.96 with height 0.23 (uneven terrain)
2025-04-12 19:00:34,785 - drone_landing - INFO - Successful landing at position 39.47 with height 0.56
2025-04-12 19:00:34,926 - drone_landing - INFO - Successful landing at position 93.41 with height 0.00
2025-04-12 19:00:35,073 - drone_landing - INFO - Successful landing at position 4.23 with height 0.00
2025-04-12 19:00:35,220 - drone_landing - INFO - Successful landing at position 77.31 with height 0.28
2025-04-12 19:00:35,364 - drone_landing - INFO - Failed landing at position 52.71 with height 0.89 (uneven terrain)
2025-04-12 19:00:35,504 - drone_landing - INFO - Failed landing at position 25.22 with height 0.26 (uneven terrain)
2025-04-12 19:00:35,653 - drone_landing - INFO - Successful landing at position 24.42 with height 0.00
2025-04-12 19:00:35,767 - drone_landing - INFO - Episode 320/1000 | Avg Reward: 3.81 | Success Rate: 60.00% | Loss: Policy=-0.0000, Value=0.6433, Entropy=0.0000
2025-04-12 19:00:36,347 - drone_landing - INFO - Successful landing at position 95.63 with height 0.00
2025-04-12 19:00:36,486 - drone_landing - INFO - Successful landing at position 27.54 with height 0.00
2025-04-12 19:00:36,631 - drone_landing - INFO - Successful landing at position 37.57 with height 0.00
2025-04-12 19:00:36,766 - drone_landing - INFO - Successful landing at position 51.28 with height 0.00
2025-04-12 19:00:36,911 - drone_landing - INFO - Successful landing at position 48.61 with height 0.52
2025-04-12 19:00:37,053 - drone_landing - INFO - Successful landing at position 61.83 with height 0.78
2025-04-12 19:00:37,192 - drone_landing - INFO - Successful landing at position 32.83 with height 0.00
2025-04-12 19:00:37,328 - drone_landing - INFO - Successful landing at position 16.89 with height 0.62
2025-04-12 19:00:37,459 - drone_landing - INFO - Failed landing at position 58.50 with height 0.50 (uneven terrain)
2025-04-12 19:00:37,605 - drone_landing - INFO - Successful landing at position 25.61 with height 0.74
2025-04-12 19:00:37,709 - drone_landing - INFO - Episode 330/1000 | Avg Reward: 8.31 | Success Rate: 90.00% | Loss: Policy=-0.0000, Value=0.5079, Entropy=0.0000
2025-04-12 19:00:38,257 - drone_landing - INFO - Successful landing at position 64.96 with height 0.77
2025-04-12 19:00:38,400 - drone_landing - INFO - Failed landing at position 18.40 with height 0.62 (uneven terrain)
2025-04-12 19:00:38,542 - drone_landing - INFO - Failed landing at position 64.51 with height 0.23 (uneven terrain)
2025-04-12 19:00:38,690 - drone_landing - INFO - Successful landing at position 25.01 with height 0.00
2025-04-12 19:00:38,834 - drone_landing - INFO - Successful landing at position 58.84 with height 0.00
2025-04-12 19:00:38,976 - drone_landing - INFO - Failed landing at position 30.64 with height 1.17 (uneven terrain)
2025-04-12 19:00:39,119 - drone_landing - INFO - Successful landing at position 5.02 with height 0.00
2025-04-12 19:00:39,271 - drone_landing - INFO - Successful landing at position 80.68 with height 0.87
2025-04-12 19:00:39,416 - drone_landing - INFO - Successful landing at position 90.01 with height 0.00
2025-04-12 19:00:39,559 - drone_landing - INFO - Failed landing at position 33.33 with height 0.88 (uneven terrain)
2025-04-12 19:00:39,670 - drone_landing - INFO - Episode 340/1000 | Avg Reward: 3.82 | Success Rate: 60.00% | Loss: Policy=-0.0000, Value=0.4452, Entropy=0.0000
2025-04-12 19:00:40,329 - drone_landing - INFO - Successful landing at position 70.13 with height 1.38
2025-04-12 19:00:40,476 - drone_landing - INFO - Failed landing at position 55.16 with height 0.62 (uneven terrain)
2025-04-12 19:00:40,624 - drone_landing - INFO - Successful landing at position 49.74 with height 0.81
2025-04-12 19:00:40,776 - drone_landing - INFO - Successful landing at position 62.86 with height 0.99
2025-04-12 19:00:40,927 - drone_landing - INFO - Successful landing at position 71.82 with height 0.62
2025-04-12 19:00:41,079 - drone_landing - INFO - Successful landing at position 16.42 with height 0.00
2025-04-12 19:00:41,235 - drone_landing - INFO - Successful landing at position 47.16 with height 0.00
2025-04-12 19:00:41,390 - drone_landing - INFO - Failed landing at position 68.46 with height 0.00 (uneven terrain)
2025-04-12 19:00:41,538 - drone_landing - INFO - Successful landing at position 84.29 with height 1.20
2025-04-12 19:00:41,687 - drone_landing - INFO - Successful landing at position 84.86 with height 0.00
2025-04-12 19:00:41,806 - drone_landing - INFO - Episode 350/1000 | Avg Reward: 6.82 | Success Rate: 80.00% | Loss: Policy=0.0000, Value=0.5225, Entropy=0.0000
2025-04-12 19:00:42,376 - drone_landing - INFO - Successful landing at position 8.32 with height 0.00
2025-04-12 19:00:42,527 - drone_landing - INFO - Successful landing at position 6.71 with height 0.00
2025-04-12 19:00:42,667 - drone_landing - INFO - Successful landing at position 43.40 with height 1.04
2025-04-12 19:00:42,813 - drone_landing - INFO - Successful landing at position 44.28 with height 0.00
2025-04-12 19:00:42,960 - drone_landing - INFO - Failed landing at position 56.24 with height 1.51 (uneven terrain)
2025-04-12 19:00:43,105 - drone_landing - INFO - Successful landing at position 30.93 with height 0.41
2025-04-12 19:00:43,250 - drone_landing - INFO - Successful landing at position 71.11 with height 1.11
2025-04-12 19:00:43,395 - drone_landing - INFO - Failed landing at position 72.14 with height 0.36 (uneven terrain)
2025-04-12 19:00:43,542 - drone_landing - INFO - Failed landing at position 9.23 with height 1.06 (uneven terrain)
2025-04-12 19:00:43,695 - drone_landing - INFO - Failed landing at position 0.04 with height 0.97 (uneven terrain)
2025-04-12 19:00:43,836 - drone_landing - INFO - Episode 360/1000 | Avg Reward: 3.82 | Success Rate: 60.00% | Loss: Policy=-0.0000, Value=0.5146, Entropy=0.0000
2025-04-12 19:00:44,427 - drone_landing - INFO - Successful landing at position 48.87 with height 1.81
2025-04-12 19:00:44,565 - drone_landing - INFO - Failed landing at position 65.12 with height 1.09 (uneven terrain)
2025-04-12 19:00:44,705 - drone_landing - INFO - Failed landing at position 37.16 with height 0.77 (uneven terrain)
2025-04-12 19:00:44,844 - drone_landing - INFO - Successful landing at position 12.79 with height 1.20
2025-04-12 19:00:44,986 - drone_landing - INFO - Successful landing at position 58.02 with height 0.14
2025-04-12 19:00:45,147 - drone_landing - INFO - Failed landing at position 56.73 with height 0.27 (uneven terrain)
2025-04-12 19:00:45,292 - drone_landing - INFO - Successful landing at position 62.83 with height 0.00
2025-04-12 19:00:45,428 - drone_landing - INFO - Failed landing at position 25.67 with height 1.80 (uneven terrain)
2025-04-12 19:00:45,571 - drone_landing - INFO - Successful landing at position 41.89 with height 1.80
2025-04-12 19:00:45,708 - drone_landing - INFO - Successful landing at position 19.30 with height 0.87
2025-04-12 19:00:45,820 - drone_landing - INFO - Episode 370/1000 | Avg Reward: 3.83 | Success Rate: 60.00% | Loss: Policy=-0.0000, Value=0.3459, Entropy=0.0000
2025-04-12 19:00:46,399 - drone_landing - INFO - Successful landing at position 93.99 with height 0.00
2025-04-12 19:00:46,547 - drone_landing - INFO - Successful landing at position 53.05 with height 0.00
2025-04-12 19:00:46,691 - drone_landing - INFO - Successful landing at position 56.97 with height 0.00
2025-04-12 19:00:46,829 - drone_landing - INFO - Successful landing at position 67.56 with height 1.65
2025-04-12 19:00:46,969 - drone_landing - INFO - Successful landing at position 55.11 with height 0.00
2025-04-12 19:00:47,119 - drone_landing - INFO - Successful landing at position 19.47 with height 0.22
2025-04-12 19:00:47,268 - drone_landing - INFO - Successful landing at position 44.03 with height 0.00
2025-04-12 19:00:47,416 - drone_landing - INFO - Successful landing at position 86.56 with height 0.00
2025-04-12 19:00:47,543 - drone_landing - INFO - Saved new best model with reward 9.817
2025-04-12 19:00:47,577 - drone_landing - INFO - Successful landing at position 85.52 with height 0.00
2025-04-12 19:00:47,717 - drone_landing - INFO - Successful landing at position 76.28 with height 1.62
2025-04-12 19:00:47,826 - drone_landing - INFO - Episode 380/1000 | Avg Reward: 9.82 | Success Rate: 100.00% | Loss: Policy=0.0000, Value=0.9887, Entropy=0.0000
2025-04-12 19:00:48,378 - drone_landing - INFO - Successful landing at position 81.66 with height 0.00
2025-04-12 19:00:48,534 - drone_landing - INFO - Successful landing at position 30.48 with height 1.30
2025-04-12 19:00:48,667 - drone_landing - INFO - Saved new best model with reward 9.818
2025-04-12 19:00:48,701 - drone_landing - INFO - Successful landing at position 52.76 with height 0.41
2025-04-12 19:00:48,846 - drone_landing - INFO - Failed landing at position 45.44 with height 1.46 (uneven terrain)
2025-04-12 19:00:48,990 - drone_landing - INFO - Successful landing at position 21.41 with height 0.00
2025-04-12 19:00:49,131 - drone_landing - INFO - Successful landing at position 54.00 with height 1.68
2025-04-12 19:00:49,267 - drone_landing - INFO - Successful landing at position 60.71 with height 0.30
2025-04-12 19:00:49,406 - drone_landing - INFO - Successful landing at position 18.63 with height 1.74
2025-04-12 19:00:49,545 - drone_landing - INFO - Failed landing at position 42.71 with height 0.34 (uneven terrain)
2025-04-12 19:00:49,686 - drone_landing - INFO - Successful landing at position 74.00 with height 0.85
2025-04-12 19:00:49,790 - drone_landing - INFO - Episode 390/1000 | Avg Reward: 6.82 | Success Rate: 80.00% | Loss: Policy=-0.0000, Value=0.6754, Entropy=0.0000
2025-04-12 19:00:50,467 - drone_landing - INFO - Failed landing at position 16.24 with height 1.36 (uneven terrain)
2025-04-12 19:00:50,603 - drone_landing - INFO - Successful landing at position 21.02 with height 1.40
2025-04-12 19:00:50,738 - drone_landing - INFO - Failed landing at position 19.21 with height 0.91 (uneven terrain)
2025-04-12 19:00:50,870 - drone_landing - INFO - Successful landing at position 35.98 with height 1.91
2025-04-12 19:00:50,997 - drone_landing - INFO - Failed landing at position 38.10 with height 1.55 (uneven terrain)
2025-04-12 19:00:51,128 - drone_landing - INFO - Failed landing at position 51.09 with height 0.00 (uneven terrain)
2025-04-12 19:00:51,264 - drone_landing - INFO - Successful landing at position 36.17 with height 0.00
2025-04-12 19:00:51,400 - drone_landing - INFO - Failed landing at position 44.04 with height 0.00 (uneven terrain)
2025-04-12 19:00:51,540 - drone_landing - INFO - Successful landing at position 14.12 with height 0.61
2025-04-12 19:00:51,673 - drone_landing - INFO - Successful landing at position 70.42 with height 1.03
2025-04-12 19:00:51,772 - drone_landing - INFO - Episode 400/1000 | Avg Reward: 2.32 | Success Rate: 50.00% | Loss: Policy=-0.0000, Value=0.8450, Entropy=0.0000
2025-04-12 19:00:52,363 - drone_landing - INFO - Successful landing at position 11.62 with height 0.51
2025-04-12 19:00:52,501 - drone_landing - INFO - Failed landing at position 87.62 with height 0.50 (uneven terrain)
2025-04-12 19:00:52,637 - drone_landing - INFO - Failed landing at position 85.08 with height 1.07 (uneven terrain)
2025-04-12 19:00:52,770 - drone_landing - INFO - Successful landing at position 29.72 with height 0.00
2025-04-12 19:00:52,917 - drone_landing - INFO - Failed landing at position 48.03 with height 1.14 (uneven terrain)
2025-04-12 19:00:53,053 - drone_landing - INFO - Successful landing at position 81.24 with height 0.84
2025-04-12 19:00:53,190 - drone_landing - INFO - Successful landing at position 92.18 with height 0.61
2025-04-12 19:00:53,330 - drone_landing - INFO - Successful landing at position 61.65 with height 0.00
2025-04-12 19:00:53,463 - drone_landing - INFO - Successful landing at position 64.69 with height 1.91
2025-04-12 19:00:53,607 - drone_landing - INFO - Successful landing at position 58.40 with height 0.00
2025-04-12 19:00:53,711 - drone_landing - INFO - Episode 410/1000 | Avg Reward: 5.32 | Success Rate: 70.00% | Loss: Policy=-0.0000, Value=0.7067, Entropy=0.0000
2025-04-12 19:00:54,302 - drone_landing - INFO - Successful landing at position 97.89 with height 0.00
2025-04-12 19:00:54,447 - drone_landing - INFO - Successful landing at position 7.07 with height 0.00
2025-04-12 19:00:54,587 - drone_landing - INFO - Successful landing at position 17.55 with height 0.00
2025-04-12 19:00:54,726 - drone_landing - INFO - Successful landing at position 80.61 with height 1.53
2025-04-12 19:00:54,863 - drone_landing - INFO - Successful landing at position 61.13 with height 0.00
2025-04-12 19:00:54,991 - drone_landing - INFO - Saved new best model with reward 9.818000000000001
2025-04-12 19:00:55,023 - drone_landing - INFO - Successful landing at position 85.16 with height 0.00
2025-04-12 19:00:55,169 - drone_landing - INFO - Successful landing at position 13.71 with height 0.00
2025-04-12 19:00:55,305 - drone_landing - INFO - Failed landing at position 27.41 with height 0.46 (uneven terrain)
2025-04-12 19:00:55,440 - drone_landing - INFO - Successful landing at position 3.63 with height 0.00
2025-04-12 19:00:55,575 - drone_landing - INFO - Successful landing at position 79.30 with height 0.00
2025-04-12 19:00:55,680 - drone_landing - INFO - Episode 420/1000 | Avg Reward: 8.31 | Success Rate: 90.00% | Loss: Policy=-0.0000, Value=0.6562, Entropy=0.0000
2025-04-12 19:00:56,252 - drone_landing - INFO - Successful landing at position 24.86 with height 0.00
2025-04-12 19:00:56,399 - drone_landing - INFO - Successful landing at position 64.32 with height 0.00
2025-04-12 19:00:56,540 - drone_landing - INFO - Successful landing at position 36.28 with height 1.05
2025-04-12 19:00:56,682 - drone_landing - INFO - Successful landing at position 61.69 with height 0.81
2025-04-12 19:00:56,873 - drone_landing - INFO - Successful landing at position 78.30 with height 0.14
2025-04-12 19:00:57,016 - drone_landing - INFO - Successful landing at position 71.57 with height 0.00
2025-04-12 19:00:57,154 - drone_landing - INFO - Failed landing at position 38.09 with height 0.30 (uneven terrain)
2025-04-12 19:00:57,295 - drone_landing - INFO - Successful landing at position 64.23 with height 0.00
2025-04-12 19:00:57,433 - drone_landing - INFO - Successful landing at position 37.76 with height 0.89
2025-04-12 19:00:57,561 - drone_landing - INFO - Failed landing at position 6.15 with height 1.07 (uneven terrain)
2025-04-12 19:00:57,658 - drone_landing - INFO - Episode 430/1000 | Avg Reward: 6.82 | Success Rate: 80.00% | Loss: Policy=0.0000, Value=0.9322, Entropy=0.0000
2025-04-12 19:00:58,337 - drone_landing - INFO - Successful landing at position 7.35 with height 0.00
2025-04-12 19:00:58,484 - drone_landing - INFO - Successful landing at position 26.84 with height 0.00
2025-04-12 19:00:58,633 - drone_landing - INFO - Successful landing at position 51.40 with height 0.00
2025-04-12 19:00:58,779 - drone_landing - INFO - Successful landing at position 81.56 with height 0.00
2025-04-12 19:00:58,921 - drone_landing - INFO - Successful landing at position 22.06 with height 1.29
2025-04-12 19:00:59,054 - drone_landing - INFO - Failed landing at position 61.34 with height 0.91 (uneven terrain)
2025-04-12 19:00:59,186 - drone_landing - INFO - Successful landing at position 67.48 with height 1.17
2025-04-12 19:00:59,319 - drone_landing - INFO - Successful landing at position 69.61 with height 1.16
2025-04-12 19:00:59,453 - drone_landing - INFO - Successful landing at position 29.13 with height 0.00
2025-04-12 19:00:59,588 - drone_landing - INFO - Successful landing at position 40.57 with height 0.00
2025-04-12 19:00:59,689 - drone_landing - INFO - Episode 440/1000 | Avg Reward: 8.32 | Success Rate: 90.00% | Loss: Policy=-0.0000, Value=0.9511, Entropy=0.0000
2025-04-12 19:01:00,240 - drone_landing - INFO - Successful landing at position 48.79 with height 0.00
2025-04-12 19:01:00,375 - drone_landing - INFO - Successful landing at position 60.27 with height 1.04
2025-04-12 19:01:00,506 - drone_landing - INFO - Successful landing at position 45.52 with height 0.00
2025-04-12 19:01:00,638 - drone_landing - INFO - Successful landing at position 49.60 with height 1.14
2025-04-12 19:01:00,772 - drone_landing - INFO - Successful landing at position 65.20 with height 0.00
2025-04-12 19:01:00,914 - drone_landing - INFO - Failed landing at position 12.82 with height 0.32 (uneven terrain)
2025-04-12 19:01:01,051 - drone_landing - INFO - Failed landing at position 5.48 with height 0.62 (uneven terrain)
2025-04-12 19:01:01,187 - drone_landing - INFO - Successful landing at position 16.76 with height 0.00
2025-04-12 19:01:01,328 - drone_landing - INFO - Successful landing at position 4.04 with height 0.00
2025-04-12 19:01:01,465 - drone_landing - INFO - Successful landing at position 29.95 with height 1.01
2025-04-12 19:01:01,570 - drone_landing - INFO - Episode 450/1000 | Avg Reward: 6.82 | Success Rate: 80.00% | Loss: Policy=0.0000, Value=0.9175, Entropy=0.0000
2025-04-12 19:01:02,128 - drone_landing - INFO - Successful landing at position 25.98 with height 0.00
2025-04-12 19:01:02,267 - drone_landing - INFO - Successful landing at position 5.73 with height 0.00
2025-04-12 19:01:02,399 - drone_landing - INFO - Successful landing at position 67.38 with height 1.85
2025-04-12 19:01:02,525 - drone_landing - INFO - Failed landing at position 27.22 with height 1.37 (uneven terrain)
2025-04-12 19:01:02,658 - drone_landing - INFO - Successful landing at position 48.46 with height 0.00
2025-04-12 19:01:02,800 - drone_landing - INFO - Successful landing at position 89.00 with height 0.00
2025-04-12 19:01:02,947 - drone_landing - INFO - Successful landing at position 16.54 with height 0.00
2025-04-12 19:01:03,087 - drone_landing - INFO - Successful landing at position 83.22 with height 0.81
2025-04-12 19:01:03,228 - drone_landing - INFO - Successful landing at position 54.81 with height 0.00
2025-04-12 19:01:03,372 - drone_landing - INFO - Successful landing at position 70.01 with height 0.00
2025-04-12 19:01:03,477 - drone_landing - INFO - Episode 460/1000 | Avg Reward: 8.32 | Success Rate: 90.00% | Loss: Policy=0.0000, Value=0.3675, Entropy=0.0000
2025-04-12 19:01:04,029 - drone_landing - INFO - Successful landing at position 20.80 with height 1.04
2025-04-12 19:01:04,168 - drone_landing - INFO - Failed landing at position 37.69 with height 1.16 (uneven terrain)
2025-04-12 19:01:04,303 - drone_landing - INFO - Successful landing at position 15.99 with height 1.08
2025-04-12 19:01:04,443 - drone_landing - INFO - Successful landing at position 48.41 with height 0.00
2025-04-12 19:01:04,580 - drone_landing - INFO - Successful landing at position 81.08 with height 1.04
2025-04-12 19:01:04,719 - drone_landing - INFO - Successful landing at position 90.06 with height 0.00
2025-04-12 19:01:04,862 - drone_landing - INFO - Successful landing at position 59.35 with height 0.44
2025-04-12 19:01:05,001 - drone_landing - INFO - Successful landing at position 12.43 with height 0.87
2025-04-12 19:01:05,139 - drone_landing - INFO - Successful landing at position 60.56 with height 0.53
2025-04-12 19:01:05,273 - drone_landing - INFO - Successful landing at position 64.35 with height 1.67
2025-04-12 19:01:05,377 - drone_landing - INFO - Episode 470/1000 | Avg Reward: 8.32 | Success Rate: 90.00% | Loss: Policy=0.0000, Value=0.5479, Entropy=0.0000
2025-04-12 19:01:05,943 - drone_landing - INFO - Successful landing at position 28.95 with height 0.00
2025-04-12 19:01:06,106 - drone_landing - INFO - Successful landing at position 97.36 with height 0.00
2025-04-12 19:01:06,251 - drone_landing - INFO - Saved new best model with reward 9.819
2025-04-12 19:01:06,284 - drone_landing - INFO - Successful landing at position 53.16 with height 1.25
2025-04-12 19:01:06,444 - drone_landing - INFO - Failed landing at position 84.52 with height 1.31 (uneven terrain)
2025-04-12 19:01:06,591 - drone_landing - INFO - Successful landing at position 34.33 with height 0.67
2025-04-12 19:01:06,746 - drone_landing - INFO - Successful landing at position 43.89 with height 0.70
2025-04-12 19:01:06,901 - drone_landing - INFO - Successful landing at position 84.56 with height 0.00
2025-04-12 19:01:07,026 - drone_landing - INFO - Failed landing at position 49.71 with height 0.84 (uneven terrain)
2025-04-12 19:01:07,158 - drone_landing - INFO - Failed landing at position 4.84 with height 1.53 (uneven terrain)
2025-04-12 19:01:07,292 - drone_landing - INFO - Successful landing at position 95.41 with height 0.00
2025-04-12 19:01:07,400 - drone_landing - INFO - Episode 480/1000 | Avg Reward: 5.32 | Success Rate: 70.00% | Loss: Policy=0.0000, Value=0.7934, Entropy=0.0000
2025-04-12 19:01:08,058 - drone_landing - INFO - Failed landing at position 87.80 with height 0.00 (uneven terrain)
2025-04-12 19:01:08,227 - drone_landing - INFO - Successful landing at position 51.68 with height 0.00
2025-04-12 19:01:08,386 - drone_landing - INFO - Successful landing at position 78.85 with height 0.00
2025-04-12 19:01:08,532 - drone_landing - INFO - Successful landing at position 56.78 with height 1.26
2025-04-12 19:01:08,674 - drone_landing - INFO - Failed landing at position 41.29 with height 0.26 (uneven terrain)
2025-04-12 19:01:08,821 - drone_landing - INFO - Successful landing at position 13.97 with height 0.00
2025-04-12 19:01:08,962 - drone_landing - INFO - Successful landing at position 74.55 with height 0.68
2025-04-12 19:01:09,104 - drone_landing - INFO - Successful landing at position 20.43 with height 0.00
2025-04-12 19:01:09,248 - drone_landing - INFO - Successful landing at position 97.40 with height 0.00
2025-04-12 19:01:09,389 - drone_landing - INFO - Successful landing at position 70.62 with height 1.01
2025-04-12 19:01:09,494 - drone_landing - INFO - Episode 490/1000 | Avg Reward: 6.82 | Success Rate: 80.00% | Loss: Policy=0.0000, Value=0.3639, Entropy=0.0000
2025-04-12 19:01:10,106 - drone_landing - INFO - Successful landing at position 73.06 with height 1.83
2025-04-12 19:01:10,240 - drone_landing - INFO - Successful landing at position 77.00 with height 0.00
2025-04-12 19:01:10,377 - drone_landing - INFO - Successful landing at position 16.34 with height 1.24
2025-04-12 19:01:10,509 - drone_landing - INFO - Successful landing at position 92.33 with height 0.00
2025-04-12 19:01:10,643 - drone_landing - INFO - Successful landing at position 73.53 with height 1.63
2025-04-12 19:01:10,772 - drone_landing - INFO - Saved new best model with reward 9.821000000000002
2025-04-12 19:01:10,805 - drone_landing - INFO - Failed landing at position 14.88 with height 1.14 (uneven terrain)
2025-04-12 19:01:10,947 - drone_landing - INFO - Failed landing at position 48.39 with height 0.81 (uneven terrain)
2025-04-12 19:01:11,078 - drone_landing - INFO - Failed landing at position 4.87 with height 1.18 (uneven terrain)
2025-04-12 19:01:11,220 - drone_landing - INFO - Successful landing at position 19.63 with height 0.00
2025-04-12 19:01:11,359 - drone_landing - INFO - Successful landing at position 65.64 with height 1.01
2025-04-12 19:01:11,462 - drone_landing - INFO - Episode 500/1000 | Avg Reward: 5.33 | Success Rate: 70.00% | Loss: Policy=-0.0000, Value=0.4214, Entropy=0.0000
2025-04-12 19:01:12,043 - drone_landing - INFO - Successful landing at position 43.57 with height 0.24
2025-04-12 19:01:12,184 - drone_landing - INFO - Failed landing at position 84.10 with height 0.49 (uneven terrain)
2025-04-12 19:01:12,329 - drone_landing - INFO - Failed landing at position 36.29 with height 0.34 (uneven terrain)
2025-04-12 19:01:12,464 - drone_landing - INFO - Successful landing at position 76.52 with height 1.85
2025-04-12 19:01:12,597 - drone_landing - INFO - Successful landing at position 76.27 with height 0.00
2025-04-12 19:01:12,735 - drone_landing - INFO - Successful landing at position 49.63 with height 1.17
2025-04-12 19:01:12,875 - drone_landing - INFO - Successful landing at position 23.62 with height 1.36
2025-04-12 19:01:13,015 - drone_landing - INFO - Successful landing at position 80.88 with height 0.00
2025-04-12 19:01:13,167 - drone_landing - INFO - Failed landing at position 12.00 with height 1.06 (uneven terrain)
2025-04-12 19:01:13,304 - drone_landing - INFO - Failed landing at position 36.77 with height 0.90 (uneven terrain)
2025-04-12 19:01:13,410 - drone_landing - INFO - Episode 510/1000 | Avg Reward: 3.82 | Success Rate: 60.00% | Loss: Policy=0.0000, Value=0.4945, Entropy=0.0000
2025-04-12 19:01:13,985 - drone_landing - INFO - Successful landing at position 43.74 with height 0.00
2025-04-12 19:01:14,116 - drone_landing - INFO - Failed landing at position 2.35 with height 1.80 (uneven terrain)
2025-04-12 19:01:14,255 - drone_landing - INFO - Successful landing at position 27.83 with height 0.00
2025-04-12 19:01:14,402 - drone_landing - INFO - Successful landing at position 79.69 with height 0.00
2025-04-12 19:01:14,538 - drone_landing - INFO - Successful landing at position 15.48 with height 0.00
2025-04-12 19:01:14,675 - drone_landing - INFO - Successful landing at position 54.23 with height 1.22
2025-04-12 19:01:14,810 - drone_landing - INFO - Successful landing at position 22.28 with height 1.13
2025-04-12 19:01:14,948 - drone_landing - INFO - Failed landing at position 20.55 with height 1.42 (uneven terrain)
2025-04-12 19:01:15,088 - drone_landing - INFO - Failed landing at position 59.30 with height 1.35 (uneven terrain)
2025-04-12 19:01:15,237 - drone_landing - INFO - Successful landing at position 30.28 with height 0.00
2025-04-12 19:01:15,350 - drone_landing - INFO - Episode 520/1000 | Avg Reward: 5.32 | Success Rate: 70.00% | Loss: Policy=0.0000, Value=0.9854, Entropy=0.0000
2025-04-12 19:01:15,924 - drone_landing - INFO - Failed landing at position 62.06 with height 0.00 (uneven terrain)
2025-04-12 19:01:16,060 - drone_landing - INFO - Successful landing at position 53.75 with height 1.76
2025-04-12 19:01:16,206 - drone_landing - INFO - Successful landing at position 24.38 with height 0.00
2025-04-12 19:01:16,356 - drone_landing - INFO - Successful landing at position 98.32 with height 0.00
2025-04-12 19:01:16,498 - drone_landing - INFO - Successful landing at position 52.27 with height 0.00
2025-04-12 19:01:16,636 - drone_landing - INFO - Successful landing at position 8.84 with height 0.00
2025-04-12 19:01:16,773 - drone_landing - INFO - Successful landing at position 15.30 with height 1.09
2025-04-12 19:01:16,908 - drone_landing - INFO - Successful landing at position 79.48 with height 0.00
2025-04-12 19:01:17,047 - drone_landing - INFO - Successful landing at position 17.88 with height 1.79
2025-04-12 19:01:17,196 - drone_landing - INFO - Failed landing at position 37.03 with height 0.83 (uneven terrain)
2025-04-12 19:01:17,307 - drone_landing - INFO - Episode 530/1000 | Avg Reward: 6.82 | Success Rate: 80.00% | Loss: Policy=0.0000, Value=0.5231, Entropy=0.0000
2025-04-12 19:01:17,962 - drone_landing - INFO - Successful landing at position 22.89 with height 1.21
2025-04-12 19:01:18,101 - drone_landing - INFO - Successful landing at position 49.54 with height 0.64
2025-04-12 19:01:18,243 - drone_landing - INFO - Successful landing at position 74.20 with height 0.24
2025-04-12 19:01:18,388 - drone_landing - INFO - Failed landing at position 38.74 with height 0.74 (uneven terrain)
2025-04-12 19:01:18,525 - drone_landing - INFO - Successful landing at position 38.54 with height 1.25
2025-04-12 19:01:18,670 - drone_landing - INFO - Successful landing at position 60.40 with height 0.44
2025-04-12 19:01:18,816 - drone_landing - INFO - Failed landing at position 64.94 with height 0.35 (uneven terrain)
2025-04-12 19:01:18,964 - drone_landing - INFO - Successful landing at position 8.37 with height 0.00
2025-04-12 19:01:19,109 - drone_landing - INFO - Successful landing at position 83.42 with height 0.00
2025-04-12 19:01:19,258 - drone_landing - INFO - Successful landing at position 79.61 with height 0.00
2025-04-12 19:01:19,371 - drone_landing - INFO - Episode 540/1000 | Avg Reward: 6.82 | Success Rate: 80.00% | Loss: Policy=0.0000, Value=0.6026, Entropy=0.0000
2025-04-12 19:01:19,936 - drone_landing - INFO - Failed landing at position 87.72 with height 1.63 (uneven terrain)
2025-04-12 19:01:20,069 - drone_landing - INFO - Failed landing at position 46.61 with height 1.54 (uneven terrain)
2025-04-12 19:01:20,212 - drone_landing - INFO - Successful landing at position 81.62 with height 0.00
2025-04-12 19:01:20,359 - drone_landing - INFO - Successful landing at position 12.96 with height 0.64
2025-04-12 19:01:20,502 - drone_landing - INFO - Successful landing at position 11.39 with height 0.95
2025-04-12 19:01:20,648 - drone_landing - INFO - Successful landing at position 92.42 with height 0.00
2025-04-12 19:01:20,801 - drone_landing - INFO - Successful landing at position 82.13 with height 0.00
2025-04-12 19:01:20,950 - drone_landing - INFO - Successful landing at position 45.41 with height 0.00
2025-04-12 19:01:21,095 - drone_landing - INFO - Successful landing at position 50.27 with height 0.81
2025-04-12 19:01:21,247 - drone_landing - INFO - Successful landing at position 79.56 with height 0.00
2025-04-12 19:01:21,360 - drone_landing - INFO - Episode 550/1000 | Avg Reward: 6.82 | Success Rate: 80.00% | Loss: Policy=0.0000, Value=0.5790, Entropy=0.0000
2025-04-12 19:01:21,941 - drone_landing - INFO - Successful landing at position 27.34 with height 0.00
2025-04-12 19:01:22,085 - drone_landing - INFO - Successful landing at position 10.32 with height 0.00
2025-04-12 19:01:22,225 - drone_landing - INFO - Successful landing at position 20.65 with height 1.30
2025-04-12 19:01:22,373 - drone_landing - INFO - Successful landing at position 10.34 with height 0.00
2025-04-12 19:01:22,515 - drone_landing - INFO - Successful landing at position 17.22 with height 0.31
2025-04-12 19:01:22,653 - drone_landing - INFO - Successful landing at position 14.37 with height 0.00
2025-04-12 19:01:22,791 - drone_landing - INFO - Failed landing at position 71.38 with height 0.64 (uneven terrain)
2025-04-12 19:01:22,942 - drone_landing - INFO - Successful landing at position 15.46 with height 0.61
2025-04-12 19:01:23,109 - drone_landing - INFO - Successful landing at position 82.90 with height 0.00
2025-04-12 19:01:23,251 - drone_landing - INFO - Successful landing at position 21.48 with height 0.00
2025-04-12 19:01:23,360 - drone_landing - INFO - Episode 560/1000 | Avg Reward: 8.31 | Success Rate: 90.00% | Loss: Policy=-0.0000, Value=1.1500, Entropy=0.0000
2025-04-12 19:01:23,947 - drone_landing - INFO - Successful landing at position 92.42 with height 0.00
2025-04-12 19:01:24,088 - drone_landing - INFO - Successful landing at position 7.57 with height 1.72
2025-04-12 19:01:24,227 - drone_landing - INFO - Failed landing at position 23.26 with height 1.05 (uneven terrain)
2025-04-12 19:01:24,374 - drone_landing - INFO - Successful landing at position 46.67 with height 0.00
2025-04-12 19:01:24,518 - drone_landing - INFO - Failed landing at position 73.28 with height 2.00 (uneven terrain)
2025-04-12 19:01:24,664 - drone_landing - INFO - Successful landing at position 24.94 with height 1.17
2025-04-12 19:01:24,814 - drone_landing - INFO - Failed landing at position 72.29 with height 0.00 (uneven terrain)
2025-04-12 19:01:24,961 - drone_landing - INFO - Successful landing at position 60.45 with height 0.89
2025-04-12 19:01:25,105 - drone_landing - INFO - Successful landing at position 69.38 with height 0.00
2025-04-12 19:01:25,252 - drone_landing - INFO - Successful landing at position 63.45 with height 1.05
2025-04-12 19:01:25,364 - drone_landing - INFO - Episode 570/1000 | Avg Reward: 5.32 | Success Rate: 70.00% | Loss: Policy=0.0000, Value=0.5624, Entropy=0.0000
2025-04-12 19:01:26,041 - drone_landing - INFO - Successful landing at position 69.05 with height 0.99
2025-04-12 19:01:26,188 - drone_landing - INFO - Successful landing at position 37.87 with height 0.00
2025-04-12 19:01:26,340 - drone_landing - INFO - Failed landing at position 31.27 with height 0.83 (uneven terrain)
2025-04-12 19:01:26,490 - drone_landing - INFO - Successful landing at position 48.22 with height 0.00
2025-04-12 19:01:26,638 - drone_landing - INFO - Failed landing at position 62.34 with height 0.45 (uneven terrain)
2025-04-12 19:01:26,786 - drone_landing - INFO - Failed landing at position 8.21 with height 1.16 (uneven terrain)
2025-04-12 19:01:26,938 - drone_landing - INFO - Successful landing at position 6.81 with height 0.00
2025-04-12 19:01:27,087 - drone_landing - INFO - Successful landing at position 5.16 with height 0.53
2025-04-12 19:01:27,242 - drone_landing - INFO - Successful landing at position 97.52 with height 0.00
2025-04-12 19:01:27,394 - drone_landing - INFO - Failed landing at position 27.39 with height 0.00 (uneven terrain)
2025-04-12 19:01:27,509 - drone_landing - INFO - Episode 580/1000 | Avg Reward: 3.82 | Success Rate: 60.00% | Loss: Policy=-0.0000, Value=0.3623, Entropy=0.0000
2025-04-12 19:01:28,092 - drone_landing - INFO - Successful landing at position 93.43 with height 0.00
2025-04-12 19:01:28,237 - drone_landing - INFO - Successful landing at position 45.90 with height 1.22
2025-04-12 19:01:28,383 - drone_landing - INFO - Successful landing at position 45.60 with height 0.00
2025-04-12 19:01:28,529 - drone_landing - INFO - Successful landing at position 84.34 with height 1.41
2025-04-12 19:01:28,672 - drone_landing - INFO - Successful landing at position 64.13 with height 1.83
2025-04-12 19:01:28,818 - drone_landing - INFO - Successful landing at position 72.37 with height 0.00
2025-04-12 19:01:28,969 - drone_landing - INFO - Successful landing at position 60.98 with height 0.11
2025-04-12 19:01:29,104 - drone_landing - INFO - Successful landing at position 64.93 with height 1.82
2025-04-12 19:01:29,240 - drone_landing - INFO - Successful landing at position 52.24 with height 0.00
2025-04-12 19:01:29,382 - drone_landing - INFO - Failed landing at position 45.60 with height 1.27 (uneven terrain)
2025-04-12 19:01:29,486 - drone_landing - INFO - Episode 590/1000 | Avg Reward: 8.32 | Success Rate: 90.00% | Loss: Policy=-0.0000, Value=0.3633, Entropy=0.0000
2025-04-12 19:01:30,081 - drone_landing - INFO - Successful landing at position 86.58 with height 0.00
2025-04-12 19:01:30,234 - drone_landing - INFO - Successful landing at position 13.82 with height 0.87
2025-04-12 19:01:30,395 - drone_landing - INFO - Failed landing at position 76.00 with height 0.38 (uneven terrain)
2025-04-12 19:01:30,545 - drone_landing - INFO - Successful landing at position 50.14 with height 0.00
2025-04-12 19:01:30,696 - drone_landing - INFO - Successful landing at position 70.28 with height 0.54
2025-04-12 19:01:30,841 - drone_landing - INFO - Successful landing at position 53.07 with height 0.00
2025-04-12 19:01:30,993 - drone_landing - INFO - Successful landing at position 95.06 with height 0.00
2025-04-12 19:01:31,144 - drone_landing - INFO - Successful landing at position 18.82 with height 1.34
2025-04-12 19:01:31,293 - drone_landing - INFO - Successful landing at position 82.17 with height 0.00
2025-04-12 19:01:31,439 - drone_landing - INFO - Successful landing at position 7.73 with height 1.08
2025-04-12 19:01:31,539 - drone_landing - INFO - Episode 600/1000 | Avg Reward: 8.32 | Success Rate: 90.00% | Loss: Policy=0.0000, Value=0.9452, Entropy=0.0000
2025-04-12 19:01:32,107 - drone_landing - INFO - Successful landing at position 84.03 with height 0.00
2025-04-12 19:01:32,260 - drone_landing - INFO - Successful landing at position 25.27 with height 0.61
2025-04-12 19:01:32,401 - drone_landing - INFO - Failed landing at position 59.23 with height 1.59 (uneven terrain)
2025-04-12 19:01:32,542 - drone_landing - INFO - Successful landing at position 48.92 with height 0.00
2025-04-12 19:01:32,685 - drone_landing - INFO - Successful landing at position 44.68 with height 1.20
2025-04-12 19:01:32,835 - drone_landing - INFO - Failed landing at position 75.80 with height 0.51 (uneven terrain)
2025-04-12 19:01:32,971 - drone_landing - INFO - Successful landing at position 40.84 with height 0.00
2025-04-12 19:01:33,115 - drone_landing - INFO - Successful landing at position 4.64 with height 0.00
2025-04-12 19:01:33,262 - drone_landing - INFO - Successful landing at position 9.60 with height 0.00
2025-04-12 19:01:33,406 - drone_landing - INFO - Failed landing at position 46.67 with height 0.23 (uneven terrain)
2025-04-12 19:01:33,519 - drone_landing - INFO - Episode 610/1000 | Avg Reward: 5.32 | Success Rate: 70.00% | Loss: Policy=0.0000, Value=0.6158, Entropy=0.0000
2025-04-12 19:01:34,114 - drone_landing - INFO - Successful landing at position 65.33 with height 0.00
2025-04-12 19:01:34,258 - drone_landing - INFO - Failed landing at position 70.86 with height 0.88 (uneven terrain)
2025-04-12 19:01:34,391 - drone_landing - INFO - Successful landing at position 45.80 with height 1.72
2025-04-12 19:01:34,518 - drone_landing - INFO - Successful landing at position 53.42 with height 1.65
2025-04-12 19:01:34,652 - drone_landing - INFO - Successful landing at position 47.82 with height 0.90
2025-04-12 19:01:34,785 - drone_landing - INFO - Successful landing at position 22.19 with height 1.71
2025-04-12 19:01:34,913 - drone_landing - INFO - Successful landing at position 2.59 with height 1.10
2025-04-12 19:01:35,050 - drone_landing - INFO - Successful landing at position 89.94 with height 0.00
2025-04-12 19:01:35,199 - drone_landing - INFO - Successful landing at position 74.50 with height 1.99
2025-04-12 19:01:35,344 - drone_landing - INFO - Successful landing at position 81.98 with height 0.00
2025-04-12 19:01:35,455 - drone_landing - INFO - Episode 620/1000 | Avg Reward: 8.33 | Success Rate: 90.00% | Loss: Policy=-0.0000, Value=0.4888, Entropy=0.0000
2025-04-12 19:01:36,159 - drone_landing - INFO - Failed landing at position 13.05 with height 0.64 (uneven terrain)
2025-04-12 19:01:36,300 - drone_landing - INFO - Successful landing at position 83.24 with height 0.00
2025-04-12 19:01:36,445 - drone_landing - INFO - Successful landing at position 64.59 with height 0.75
2025-04-12 19:01:36,581 - drone_landing - INFO - Successful landing at position 10.23 with height 1.14
2025-04-12 19:01:36,770 - drone_landing - INFO - Successful landing at position 38.19 with height 0.00
2025-04-12 19:01:36,916 - drone_landing - INFO - Successful landing at position 39.66 with height 0.00
2025-04-12 19:01:37,062 - drone_landing - INFO - Successful landing at position 76.12 with height 0.00
2025-04-12 19:01:37,211 - drone_landing - INFO - Successful landing at position 28.04 with height 0.00
2025-04-12 19:01:37,363 - drone_landing - INFO - Successful landing at position 17.61 with height 0.00
2025-04-12 19:01:37,508 - drone_landing - INFO - Successful landing at position 61.77 with height 0.55
2025-04-12 19:01:37,619 - drone_landing - INFO - Episode 630/1000 | Avg Reward: 8.32 | Success Rate: 90.00% | Loss: Policy=-0.0000, Value=0.9089, Entropy=0.0000
2025-04-12 19:01:38,204 - drone_landing - INFO - Successful landing at position 92.33 with height 0.00
2025-04-12 19:01:38,346 - drone_landing - INFO - Successful landing at position 38.28 with height 1.52
2025-04-12 19:01:38,488 - drone_landing - INFO - Successful landing at position 41.63 with height 0.97
2025-04-12 19:01:38,644 - drone_landing - INFO - Failed landing at position 86.85 with height 1.18 (uneven terrain)
2025-04-12 19:01:38,802 - drone_landing - INFO - Successful landing at position 26.54 with height 0.21
2025-04-12 19:01:38,959 - drone_landing - INFO - Failed landing at position 49.74 with height 0.25 (uneven terrain)
2025-04-12 19:01:39,104 - drone_landing - INFO - Successful landing at position 68.05 with height 1.61
2025-04-12 19:01:39,249 - drone_landing - INFO - Successful landing at position 12.79 with height 0.22
2025-04-12 19:01:39,402 - drone_landing - INFO - Successful landing at position 26.72 with height 0.00
2025-04-12 19:01:39,553 - drone_landing - INFO - Successful landing at position 42.27 with height 0.00
2025-04-12 19:01:39,672 - drone_landing - INFO - Episode 640/1000 | Avg Reward: 6.82 | Success Rate: 80.00% | Loss: Policy=-0.0000, Value=1.0745, Entropy=0.0000
2025-04-12 19:01:40,263 - drone_landing - INFO - Failed landing at position 45.71 with height 0.85 (uneven terrain)
2025-04-12 19:01:40,413 - drone_landing - INFO - Failed landing at position 48.17 with height 0.00 (uneven terrain)
2025-04-12 19:01:40,557 - drone_landing - INFO - Failed landing at position 91.68 with height 0.70 (uneven terrain)
2025-04-12 19:01:40,698 - drone_landing - INFO - Successful landing at position 96.91 with height 0.00
2025-04-12 19:01:40,841 - drone_landing - INFO - Successful landing at position 44.81 with height 1.21
2025-04-12 19:01:40,984 - drone_landing - INFO - Successful landing at position 71.31 with height 1.12
2025-04-12 19:01:41,126 - drone_landing - INFO - Successful landing at position 17.70 with height 0.00
2025-04-12 19:01:41,266 - drone_landing - INFO - Failed landing at position 71.86 with height 0.97 (uneven terrain)
2025-04-12 19:01:41,402 - drone_landing - INFO - Successful landing at position 46.54 with height 0.00
2025-04-12 19:01:41,537 - drone_landing - INFO - Successful landing at position 73.48 with height 1.11
2025-04-12 19:01:41,635 - drone_landing - INFO - Episode 650/1000 | Avg Reward: 3.82 | Success Rate: 60.00% | Loss: Policy=0.0000, Value=0.4694, Entropy=0.0000
2025-04-12 19:01:42,203 - drone_landing - INFO - Successful landing at position 47.08 with height 0.00
2025-04-12 19:01:42,350 - drone_landing - INFO - Failed landing at position 9.31 with height 0.39 (uneven terrain)
2025-04-12 19:01:42,485 - drone_landing - INFO - Successful landing at position 31.06 with height 0.00
2025-04-12 19:01:42,625 - drone_landing - INFO - Successful landing at position 82.86 with height 0.39
2025-04-12 19:01:42,770 - drone_landing - INFO - Failed landing at position 13.84 with height 0.20 (uneven terrain)
2025-04-12 19:01:42,910 - drone_landing - INFO - Failed landing at position 44.39 with height 0.76 (uneven terrain)
2025-04-12 19:01:43,056 - drone_landing - INFO - Successful landing at position 2.21 with height 0.00
2025-04-12 19:01:43,219 - drone_landing - INFO - Successful landing at position 15.79 with height 0.00
2025-04-12 19:01:43,360 - drone_landing - INFO - Successful landing at position 81.77 with height 0.00
2025-04-12 19:01:43,496 - drone_landing - INFO - Failed landing at position 40.55 with height 1.12 (uneven terrain)
2025-04-12 19:01:43,605 - drone_landing - INFO - Episode 660/1000 | Avg Reward: 3.81 | Success Rate: 60.00% | Loss: Policy=0.0000, Value=0.4577, Entropy=0.0000
2025-04-12 19:01:44,189 - drone_landing - INFO - Successful landing at position 61.74 with height 0.00
2025-04-12 19:01:44,333 - drone_landing - INFO - Failed landing at position 91.34 with height 0.26 (uneven terrain)
2025-04-12 19:01:44,469 - drone_landing - INFO - Successful landing at position 73.37 with height 0.50
2025-04-12 19:01:44,609 - drone_landing - INFO - Failed landing at position 48.91 with height 0.80 (uneven terrain)
2025-04-12 19:01:44,765 - drone_landing - INFO - Successful landing at position 85.59 with height 0.00
2025-04-12 19:01:44,916 - drone_landing - INFO - Successful landing at position 6.06 with height 0.00
2025-04-12 19:01:45,058 - drone_landing - INFO - Successful landing at position 74.57 with height 0.75
2025-04-12 19:01:45,200 - drone_landing - INFO - Failed landing at position 15.26 with height 0.22 (uneven terrain)
2025-04-12 19:01:45,346 - drone_landing - INFO - Successful landing at position 52.01 with height 0.00
2025-04-12 19:01:45,492 - drone_landing - INFO - Successful landing at position 68.95 with height 0.00
2025-04-12 19:01:45,604 - drone_landing - INFO - Episode 670/1000 | Avg Reward: 5.31 | Success Rate: 70.00% | Loss: Policy=0.0000, Value=0.5380, Entropy=0.0000
2025-04-12 19:01:46,320 - drone_landing - INFO - Failed landing at position 2.32 with height 0.24 (uneven terrain)
2025-04-12 19:01:46,476 - drone_landing - INFO - Failed landing at position 17.51 with height 1.55 (uneven terrain)
2025-04-12 19:01:46,615 - drone_landing - INFO - Successful landing at position 9.40 with height 0.62
2025-04-12 19:01:46,755 - drone_landing - INFO - Successful landing at position 87.50 with height 0.00
2025-04-12 19:01:46,897 - drone_landing - INFO - Failed landing at position 69.56 with height 0.47 (uneven terrain)
2025-04-12 19:01:47,034 - drone_landing - INFO - Successful landing at position 80.43 with height 1.30
2025-04-12 19:01:47,172 - drone_landing - INFO - Failed landing at position 5.17 with height 0.73 (uneven terrain)
2025-04-12 19:01:47,309 - drone_landing - INFO - Failed landing at position 7.89 with height 1.83 (uneven terrain)
2025-04-12 19:01:47,443 - drone_landing - INFO - Successful landing at position 10.38 with height 0.00
2025-04-12 19:01:47,579 - drone_landing - INFO - Successful landing at position 62.97 with height 0.00
2025-04-12 19:01:47,683 - drone_landing - INFO - Episode 680/1000 | Avg Reward: 2.32 | Success Rate: 50.00% | Loss: Policy=0.0000, Value=0.6034, Entropy=0.0000
2025-04-12 19:01:48,246 - drone_landing - INFO - Failed landing at position 18.60 with height 0.00 (uneven terrain)
2025-04-12 19:01:48,389 - drone_landing - INFO - Successful landing at position 55.82 with height 0.00
2025-04-12 19:01:48,538 - drone_landing - INFO - Successful landing at position 88.26 with height 0.00
2025-04-12 19:01:48,684 - drone_landing - INFO - Successful landing at position 35.83 with height 1.21
2025-04-12 19:01:48,826 - drone_landing - INFO - Successful landing at position 77.28 with height 0.46
2025-04-12 19:01:48,969 - drone_landing - INFO - Failed landing at position 73.85 with height 1.32 (uneven terrain)
2025-04-12 19:01:49,113 - drone_landing - INFO - Successful landing at position 30.12 with height 1.18
2025-04-12 19:01:49,252 - drone_landing - INFO - Successful landing at position 96.98 with height 0.00
2025-04-12 19:01:49,394 - drone_landing - INFO - Successful landing at position 58.83 with height 0.00
2025-04-12 19:01:49,533 - drone_landing - INFO - Successful landing at position 68.92 with height 1.09
2025-04-12 19:01:49,641 - drone_landing - INFO - Episode 690/1000 | Avg Reward: 6.82 | Success Rate: 80.00% | Loss: Policy=0.0000, Value=0.4325, Entropy=0.0000
2025-04-12 19:01:50,248 - drone_landing - INFO - Failed landing at position 35.45 with height 1.49 (uneven terrain)
2025-04-12 19:01:50,391 - drone_landing - INFO - Successful landing at position 4.15 with height 0.00
2025-04-12 19:01:50,536 - drone_landing - INFO - Successful landing at position 31.61 with height 0.00
2025-04-12 19:01:50,677 - drone_landing - INFO - Successful landing at position 41.12 with height 0.91
2025-04-12 19:01:50,815 - drone_landing - INFO - Failed landing at position 24.62 with height 1.17 (uneven terrain)
2025-04-12 19:01:50,957 - drone_landing - INFO - Failed landing at position 74.79 with height 0.22 (uneven terrain)
2025-04-12 19:01:51,102 - drone_landing - INFO - Successful landing at position 32.52 with height 0.81
2025-04-12 19:01:51,255 - drone_landing - INFO - Successful landing at position 67.19 with height 1.06
2025-04-12 19:01:51,395 - drone_landing - INFO - Successful landing at position 69.49 with height 0.00
2025-04-12 19:01:51,534 - drone_landing - INFO - Failed landing at position 34.98 with height 1.34 (uneven terrain)
2025-04-12 19:01:51,637 - drone_landing - INFO - Episode 700/1000 | Avg Reward: 3.82 | Success Rate: 60.00% | Loss: Policy=-0.0000, Value=0.4302, Entropy=0.0000
2025-04-12 19:01:52,220 - drone_landing - INFO - Successful landing at position 65.02 with height 0.00
2025-04-12 19:01:52,362 - drone_landing - INFO - Failed landing at position 33.25 with height 0.81 (uneven terrain)
2025-04-12 19:01:52,502 - drone_landing - INFO - Successful landing at position 21.84 with height 0.00
2025-04-12 19:01:52,647 - drone_landing - INFO - Successful landing at position 45.43 with height 0.72
2025-04-12 19:01:52,788 - drone_landing - INFO - Successful landing at position 14.36 with height 1.10
2025-04-12 19:01:52,938 - drone_landing - INFO - Successful landing at position 41.83 with height 0.63
2025-04-12 19:01:53,082 - drone_landing - INFO - Successful landing at position 9.56 with height 0.70
2025-04-12 19:01:53,220 - drone_landing - INFO - Successful landing at position 60.85 with height 0.00
2025-04-12 19:01:53,366 - drone_landing - INFO - Successful landing at position 3.45 with height 0.00
2025-04-12 19:01:53,513 - drone_landing - INFO - Successful landing at position 72.35 with height 0.30
2025-04-12 19:01:53,624 - drone_landing - INFO - Episode 710/1000 | Avg Reward: 8.32 | Success Rate: 90.00% | Loss: Policy=-0.0000, Value=0.5015, Entropy=0.0000
2025-04-12 19:01:54,311 - drone_landing - INFO - Successful landing at position 87.73 with height 0.00
2025-04-12 19:01:54,462 - drone_landing - INFO - Successful landing at position 72.39 with height 0.00
2025-04-12 19:01:54,613 - drone_landing - INFO - Failed landing at position 73.65 with height 0.92 (uneven terrain)
2025-04-12 19:01:54,761 - drone_landing - INFO - Successful landing at position 30.63 with height 0.60
2025-04-12 19:01:54,909 - drone_landing - INFO - Successful landing at position 55.60 with height 0.00
2025-04-12 19:01:55,061 - drone_landing - INFO - Failed landing at position 19.76 with height 0.00 (uneven terrain)
2025-04-12 19:01:55,206 - drone_landing - INFO - Successful landing at position 33.14 with height 0.92
2025-04-12 19:01:55,349 - drone_landing - INFO - Successful landing at position 67.41 with height 0.00
2025-04-12 19:01:55,491 - drone_landing - INFO - Successful landing at position 51.95 with height 0.00
2025-04-12 19:01:55,638 - drone_landing - INFO - Successful landing at position 51.68 with height 0.00
2025-04-12 19:01:55,748 - drone_landing - INFO - Episode 720/1000 | Avg Reward: 6.81 | Success Rate: 80.00% | Loss: Policy=-0.0000, Value=0.9271, Entropy=0.0000
2025-04-12 19:01:56,319 - drone_landing - INFO - Successful landing at position 35.70 with height 0.64
2025-04-12 19:01:56,464 - drone_landing - INFO - Failed landing at position 70.74 with height 1.70 (uneven terrain)
2025-04-12 19:01:56,607 - drone_landing - INFO - Successful landing at position 87.72 with height 0.00
2025-04-12 19:01:56,753 - drone_landing - INFO - Successful landing at position 95.81 with height 0.00
2025-04-12 19:01:56,918 - drone_landing - INFO - Failed landing at position 16.35 with height 0.00 (uneven terrain)
2025-04-12 19:01:57,084 - drone_landing - INFO - Successful landing at position 86.38 with height 0.00
2025-04-12 19:01:57,237 - drone_landing - INFO - Successful landing at position 34.84 with height 1.29
2025-04-12 19:01:57,382 - drone_landing - INFO - Failed landing at position 84.21 with height 0.17 (uneven terrain)
2025-04-12 19:01:57,527 - drone_landing - INFO - Successful landing at position 37.18 with height 0.52
2025-04-12 19:01:57,675 - drone_landing - INFO - Successful landing at position 40.96 with height 0.00
2025-04-12 19:01:57,788 - drone_landing - INFO - Episode 730/1000 | Avg Reward: 5.32 | Success Rate: 70.00% | Loss: Policy=-0.0000, Value=1.0424, Entropy=0.0000
2025-04-12 19:01:58,345 - drone_landing - INFO - Successful landing at position 89.15 with height 0.00
2025-04-12 19:01:58,486 - drone_landing - INFO - Successful landing at position 62.56 with height 0.00
2025-04-12 19:01:58,637 - drone_landing - INFO - Successful landing at position 74.11 with height 0.69
2025-04-12 19:01:58,783 - drone_landing - INFO - Successful landing at position 10.36 with height 0.61
2025-04-12 19:01:58,927 - drone_landing - INFO - Successful landing at position 22.35 with height 0.68
2025-04-12 19:01:59,072 - drone_landing - INFO - Successful landing at position 31.27 with height 0.66
2025-04-12 19:01:59,219 - drone_landing - INFO - Failed landing at position 57.92 with height 0.93 (uneven terrain)
2025-04-12 19:01:59,362 - drone_landing - INFO - Successful landing at position 95.18 with height 0.00
2025-04-12 19:01:59,500 - drone_landing - INFO - Failed landing at position 35.98 with height 0.93 (uneven terrain)
2025-04-12 19:01:59,643 - drone_landing - INFO - Successful landing at position 40.36 with height 0.00
2025-04-12 19:01:59,753 - drone_landing - INFO - Episode 740/1000 | Avg Reward: 6.82 | Success Rate: 80.00% | Loss: Policy=-0.0000, Value=0.7227, Entropy=0.0000
2025-04-12 19:02:00,327 - drone_landing - INFO - Successful landing at position 73.21 with height 1.31
2025-04-12 19:02:00,469 - drone_landing - INFO - Successful landing at position 64.65 with height 0.00
2025-04-12 19:02:00,604 - drone_landing - INFO - Successful landing at position 45.47 with height 1.64
2025-04-12 19:02:00,741 - drone_landing - INFO - Successful landing at position 22.63 with height 0.00
2025-04-12 19:02:00,884 - drone_landing - INFO - Successful landing at position 36.23 with height 0.66
2025-04-12 19:02:01,021 - drone_landing - INFO - Successful landing at position 48.37 with height 0.00
2025-04-12 19:02:01,169 - drone_landing - INFO - Successful landing at position 46.52 with height 1.81
2025-04-12 19:02:01,309 - drone_landing - INFO - Successful landing at position 25.52 with height 1.03
2025-04-12 19:02:01,449 - drone_landing - INFO - Successful landing at position 93.54 with height 0.00
2025-04-12 19:02:01,587 - drone_landing - INFO - Successful landing at position 33.32 with height 0.00
2025-04-12 19:02:01,697 - drone_landing - INFO - Episode 750/1000 | Avg Reward: 9.82 | Success Rate: 100.00% | Loss: Policy=-0.0000, Value=0.3981, Entropy=0.0000
2025-04-12 19:02:02,256 - drone_landing - INFO - Successful landing at position 56.57 with height 1.31
2025-04-12 19:02:02,381 - drone_landing - INFO - Failed landing at position 72.25 with height 0.68 (uneven terrain)
2025-04-12 19:02:02,514 - drone_landing - INFO - Successful landing at position 55.97 with height 0.52
2025-04-12 19:02:02,643 - drone_landing - INFO - Successful landing at position 0.05 with height 0.00
2025-04-12 19:02:02,781 - drone_landing - INFO - Successful landing at position 90.04 with height 0.49
2025-04-12 19:02:02,919 - drone_landing - INFO - Successful landing at position 91.78 with height 0.00
2025-04-12 19:02:03,059 - drone_landing - INFO - Successful landing at position 31.53 with height 0.18
2025-04-12 19:02:03,201 - drone_landing - INFO - Successful landing at position 28.30 with height 0.00
2025-04-12 19:02:03,335 - drone_landing - INFO - Failed landing at position 77.85 with height 0.82 (uneven terrain)
2025-04-12 19:02:03,471 - drone_landing - INFO - Successful landing at position 45.03 with height 0.58
2025-04-12 19:02:03,582 - drone_landing - INFO - Episode 760/1000 | Avg Reward: 6.82 | Success Rate: 80.00% | Loss: Policy=-0.0000, Value=0.6745, Entropy=0.0000
2025-04-12 19:02:04,322 - drone_landing - INFO - Successful landing at position 81.98 with height 1.99
2025-04-12 19:02:04,453 - drone_landing - INFO - Successful landing at position 67.02 with height 0.23
2025-04-12 19:02:04,589 - drone_landing - INFO - Failed landing at position 66.87 with height 1.52 (uneven terrain)
2025-04-12 19:02:04,718 - drone_landing - INFO - Failed landing at position 39.66 with height 0.00 (uneven terrain)
2025-04-12 19:02:04,852 - drone_landing - INFO - Successful landing at position 40.53 with height 0.00
2025-04-12 19:02:04,984 - drone_landing - INFO - Failed landing at position 64.21 with height 1.42 (uneven terrain)
2025-04-12 19:02:05,123 - drone_landing - INFO - Successful landing at position 10.10 with height 0.00
2025-04-12 19:02:05,255 - drone_landing - INFO - Successful landing at position 67.05 with height 0.00
2025-04-12 19:02:05,389 - drone_landing - INFO - Successful landing at position 82.32 with height 0.63
2025-04-12 19:02:05,522 - drone_landing - INFO - Successful landing at position 48.59 with height 0.90
2025-04-12 19:02:05,628 - drone_landing - INFO - Episode 770/1000 | Avg Reward: 5.32 | Success Rate: 70.00% | Loss: Policy=-0.0000, Value=0.4320, Entropy=0.0000
2025-04-12 19:02:06,197 - drone_landing - INFO - Failed landing at position 7.49 with height 0.31 (uneven terrain)
2025-04-12 19:02:06,336 - drone_landing - INFO - Successful landing at position 17.68 with height 0.36
2025-04-12 19:02:06,478 - drone_landing - INFO - Failed landing at position 74.15 with height 0.55 (uneven terrain)
2025-04-12 19:02:06,618 - drone_landing - INFO - Failed landing at position 53.23 with height 0.50 (uneven terrain)
2025-04-12 19:02:06,755 - drone_landing - INFO - Successful landing at position 39.56 with height 0.00
2025-04-12 19:02:06,900 - drone_landing - INFO - Successful landing at position 71.57 with height 0.00
2025-04-12 19:02:07,043 - drone_landing - INFO - Successful landing at position 52.43 with height 0.00
2025-04-12 19:02:07,181 - drone_landing - INFO - Failed landing at position 83.55 with height 1.25 (uneven terrain)
2025-04-12 19:02:07,314 - drone_landing - INFO - Failed landing at position 39.36 with height 1.06 (uneven terrain)
2025-04-12 19:02:07,445 - drone_landing - INFO - Successful landing at position 85.83 with height 0.00
2025-04-12 19:02:07,549 - drone_landing - INFO - Episode 780/1000 | Avg Reward: 2.32 | Success Rate: 50.00% | Loss: Policy=-0.0000, Value=0.6465, Entropy=0.0000
2025-04-12 19:02:08,113 - drone_landing - INFO - Successful landing at position 15.80 with height 1.15
2025-04-12 19:02:08,259 - drone_landing - INFO - Successful landing at position 31.05 with height 0.00
2025-04-12 19:02:08,400 - drone_landing - INFO - Successful landing at position 61.93 with height 0.00
2025-04-12 19:02:08,544 - drone_landing - INFO - Successful landing at position 87.33 with height 0.00
2025-04-12 19:02:08,687 - drone_landing - INFO - Successful landing at position 54.40 with height 1.30
2025-04-12 19:02:08,827 - drone_landing - INFO - Successful landing at position 74.41 with height 1.56
2025-04-12 19:02:08,966 - drone_landing - INFO - Successful landing at position 70.77 with height 0.15
2025-04-12 19:02:09,113 - drone_landing - INFO - Failed landing at position 30.82 with height 0.72 (uneven terrain)
2025-04-12 19:02:09,296 - drone_landing - INFO - Successful landing at position 0.40 with height 0.00
2025-04-12 19:02:09,515 - drone_landing - INFO - Successful landing at position 94.80 with height 0.00
2025-04-12 19:02:09,652 - drone_landing - INFO - Episode 790/1000 | Avg Reward: 8.32 | Success Rate: 90.00% | Loss: Policy=0.0000, Value=0.8996, Entropy=0.0000
2025-04-12 19:02:10,157 - drone_landing - INFO - Successful landing at position 56.85 with height 0.00
2025-04-12 19:02:10,300 - drone_landing - INFO - Successful landing at position 87.46 with height 0.86
2025-04-12 19:02:10,442 - drone_landing - INFO - Failed landing at position 57.91 with height 0.44 (uneven terrain)
2025-04-12 19:02:10,590 - drone_landing - INFO - Successful landing at position 47.55 with height 1.00
2025-04-12 19:02:10,723 - drone_landing - INFO - Successful landing at position 35.88 with height 1.55
2025-04-12 19:02:10,861 - drone_landing - INFO - Successful landing at position 1.24 with height 0.00
2025-04-12 19:02:10,995 - drone_landing - INFO - Successful landing at position 59.48 with height 1.20
2025-04-12 19:02:11,125 - drone_landing - INFO - Successful landing at position 51.90 with height 0.00
2025-04-12 19:02:11,253 - drone_landing - INFO - Successful landing at position 64.46 with height 0.00
2025-04-12 19:02:11,384 - drone_landing - INFO - Successful landing at position 1.98 with height 0.00
2025-04-12 19:02:11,482 - drone_landing - INFO - Episode 800/1000 | Avg Reward: 8.32 | Success Rate: 90.00% | Loss: Policy=0.0000, Value=0.9299, Entropy=0.0000
2025-04-12 19:02:12,029 - drone_landing - INFO - Successful landing at position 80.74 with height 0.00
2025-04-12 19:02:12,173 - drone_landing - INFO - Successful landing at position 90.63 with height 0.00
2025-04-12 19:02:12,296 - drone_landing - INFO - Failed landing at position 65.64 with height 1.11 (uneven terrain)
2025-04-12 19:02:12,429 - drone_landing - INFO - Successful landing at position 3.51 with height 0.00
2025-04-12 19:02:12,561 - drone_landing - INFO - Successful landing at position 78.22 with height 0.79
2025-04-12 19:02:12,691 - drone_landing - INFO - Successful landing at position 80.37 with height 0.00
2025-04-12 19:02:12,821 - drone_landing - INFO - Successful landing at position 46.08 with height 0.36
2025-04-12 19:02:12,945 - drone_landing - INFO - Failed landing at position 59.49 with height 0.85 (uneven terrain)
2025-04-12 19:02:13,072 - drone_landing - INFO - Successful landing at position 97.76 with height 0.00
2025-04-12 19:02:13,202 - drone_landing - INFO - Successful landing at position 42.98 with height 0.15
2025-04-12 19:02:13,302 - drone_landing - INFO - Episode 810/1000 | Avg Reward: 6.81 | Success Rate: 80.00% | Loss: Policy=0.0000, Value=0.9218, Entropy=0.0000
2025-04-12 19:02:13,934 - drone_landing - INFO - Failed landing at position 16.03 with height 1.08 (uneven terrain)
2025-04-12 19:02:14,059 - drone_landing - INFO - Successful landing at position 67.72 with height 0.00
2025-04-12 19:02:14,187 - drone_landing - INFO - Successful landing at position 78.12 with height 0.00
2025-04-12 19:02:14,315 - drone_landing - INFO - Successful landing at position 86.41 with height 0.00
2025-04-12 19:02:14,446 - drone_landing - INFO - Failed landing at position 54.63 with height 1.42 (uneven terrain)
2025-04-12 19:02:14,570 - drone_landing - INFO - Successful landing at position 51.89 with height 0.00
2025-04-12 19:02:14,699 - drone_landing - INFO - Successful landing at position 97.63 with height 0.00
2025-04-12 19:02:14,823 - drone_landing - INFO - Successful landing at position 67.59 with height 0.00
2025-04-12 19:02:14,950 - drone_landing - INFO - Successful landing at position 9.13 with height 0.82
2025-04-12 19:02:15,119 - drone_landing - INFO - Successful landing at position 40.34 with height 0.00
2025-04-12 19:02:15,221 - drone_landing - INFO - Episode 820/1000 | Avg Reward: 6.82 | Success Rate: 80.00% | Loss: Policy=-0.0000, Value=1.0373, Entropy=0.0000
2025-04-12 19:02:15,774 - drone_landing - INFO - Successful landing at position 92.62 with height 0.00
2025-04-12 19:02:15,898 - drone_landing - INFO - Successful landing at position 52.86 with height 1.21
2025-04-12 19:02:16,019 - drone_landing - INFO - Failed landing at position 56.33 with height 1.08 (uneven terrain)
2025-04-12 19:02:16,142 - drone_landing - INFO - Successful landing at position 47.97 with height 1.41
2025-04-12 19:02:16,268 - drone_landing - INFO - Successful landing at position 17.41 with height 0.11
2025-04-12 19:02:16,399 - drone_landing - INFO - Successful landing at position 36.65 with height 0.30
2025-04-12 19:02:16,524 - drone_landing - INFO - Successful landing at position 77.97 with height 1.81
2025-04-12 19:02:16,654 - drone_landing - INFO - Failed landing at position 81.51 with height 0.65 (uneven terrain)
2025-04-12 19:02:16,783 - drone_landing - INFO - Successful landing at position 82.85 with height 0.00
2025-04-12 19:02:16,915 - drone_landing - INFO - Failed landing at position 34.19 with height 1.05 (uneven terrain)
2025-04-12 19:02:17,012 - drone_landing - INFO - Episode 830/1000 | Avg Reward: 5.32 | Success Rate: 70.00% | Loss: Policy=0.0000, Value=0.9735, Entropy=0.0000
2025-04-12 19:02:17,532 - drone_landing - INFO - Successful landing at position 87.19 with height 0.00
2025-04-12 19:02:17,664 - drone_landing - INFO - Successful landing at position 20.24 with height 0.00
2025-04-12 19:02:17,790 - drone_landing - INFO - Successful landing at position 87.88 with height 0.80
2025-04-12 19:02:17,918 - drone_landing - INFO - Failed landing at position 66.42 with height 0.37 (uneven terrain)
2025-04-12 19:02:18,045 - drone_landing - INFO - Successful landing at position 16.58 with height 1.07
2025-04-12 19:02:18,173 - drone_landing - INFO - Successful landing at position 89.31 with height 0.00
2025-04-12 19:02:18,298 - drone_landing - INFO - Failed landing at position 64.39 with height 1.66 (uneven terrain)
2025-04-12 19:02:18,423 - drone_landing - INFO - Failed landing at position 61.85 with height 0.88 (uneven terrain)
2025-04-12 19:02:18,561 - drone_landing - INFO - Successful landing at position 18.73 with height 1.87
2025-04-12 19:02:18,721 - drone_landing - INFO - Successful landing at position 10.92 with height 0.00
2025-04-12 19:02:18,821 - drone_landing - INFO - Episode 840/1000 | Avg Reward: 5.32 | Success Rate: 70.00% | Loss: Policy=0.0000, Value=0.4848, Entropy=0.0000
2025-04-12 19:02:19,350 - drone_landing - INFO - Successful landing at position 91.14 with height 0.00
2025-04-12 19:02:19,472 - drone_landing - INFO - Failed landing at position 70.25 with height 1.64 (uneven terrain)
2025-04-12 19:02:19,591 - drone_landing - INFO - Successful landing at position 65.59 with height 0.00
2025-04-12 19:02:19,720 - drone_landing - INFO - Successful landing at position 83.82 with height 0.00
2025-04-12 19:02:19,848 - drone_landing - INFO - Failed landing at position 53.22 with height 0.99 (uneven terrain)
2025-04-12 19:02:19,973 - drone_landing - INFO - Failed landing at position 79.54 with height 1.43 (uneven terrain)
2025-04-12 19:02:20,104 - drone_landing - INFO - Failed landing at position 56.61 with height 0.96 (uneven terrain)
2025-04-12 19:02:20,232 - drone_landing - INFO - Successful landing at position 90.63 with height 0.00
2025-04-12 19:02:20,363 - drone_landing - INFO - Failed landing at position 21.66 with height 0.47 (uneven terrain)
2025-04-12 19:02:20,491 - drone_landing - INFO - Successful landing at position 62.69 with height 0.00
2025-04-12 19:02:20,590 - drone_landing - INFO - Episode 850/1000 | Avg Reward: 2.32 | Success Rate: 50.00% | Loss: Policy=-0.0000, Value=0.4673, Entropy=0.0000
2025-04-12 19:02:21,209 - drone_landing - INFO - Successful landing at position 26.25 with height 0.96
2025-04-12 19:02:21,337 - drone_landing - INFO - Failed landing at position 51.38 with height 0.33 (uneven terrain)
2025-04-12 19:02:21,462 - drone_landing - INFO - Successful landing at position 62.72 with height 1.01
2025-04-12 19:02:21,591 - drone_landing - INFO - Successful landing at position 29.02 with height 0.96
2025-04-12 19:02:21,727 - drone_landing - INFO - Successful landing at position 7.69 with height 0.00
2025-04-12 19:02:21,857 - drone_landing - INFO - Successful landing at position 23.64 with height 0.00
2025-04-12 19:02:21,987 - drone_landing - INFO - Successful landing at position 16.80 with height 0.00
2025-04-12 19:02:22,118 - drone_landing - INFO - Failed landing at position 66.60 with height 0.00 (uneven terrain)
2025-04-12 19:02:22,250 - drone_landing - INFO - Failed landing at position 90.38 with height 0.00 (uneven terrain)
2025-04-12 19:02:22,382 - drone_landing - INFO - Successful landing at position 52.69 with height 0.00
2025-04-12 19:02:22,482 - drone_landing - INFO - Episode 860/1000 | Avg Reward: 5.31 | Success Rate: 70.00% | Loss: Policy=0.0000, Value=0.5839, Entropy=0.0000
2025-04-12 19:02:23,010 - drone_landing - INFO - Successful landing at position 87.73 with height 0.00
2025-04-12 19:02:23,136 - drone_landing - INFO - Successful landing at position 94.23 with height 0.00
2025-04-12 19:02:23,264 - drone_landing - INFO - Successful landing at position 27.39 with height 0.66
2025-04-12 19:02:23,388 - drone_landing - INFO - Successful landing at position 61.17 with height 1.79
2025-04-12 19:02:23,510 - drone_landing - INFO - Successful landing at position 85.54 with height 0.00
2025-04-12 19:02:23,640 - drone_landing - INFO - Failed landing at position 89.73 with height 1.95 (uneven terrain)
2025-04-12 19:02:23,764 - drone_landing - INFO - Successful landing at position 21.25 with height 0.00
2025-04-12 19:02:23,891 - drone_landing - INFO - Successful landing at position 92.22 with height 0.00
2025-04-12 19:02:24,022 - drone_landing - INFO - Successful landing at position 95.30 with height 0.00
2025-04-12 19:02:24,148 - drone_landing - INFO - Successful landing at position 32.64 with height 0.60
2025-04-12 19:02:24,245 - drone_landing - INFO - Episode 870/1000 | Avg Reward: 8.32 | Success Rate: 90.00% | Loss: Policy=0.0000, Value=0.3812, Entropy=0.0000
2025-04-12 19:02:24,772 - drone_landing - INFO - Successful landing at position 59.31 with height 0.00
2025-04-12 19:02:24,907 - drone_landing - INFO - Successful landing at position 93.31 with height 0.00
2025-04-12 19:02:25,033 - drone_landing - INFO - Successful landing at position 51.22 with height 0.66
2025-04-12 19:02:25,158 - drone_landing - INFO - Successful landing at position 39.32 with height 1.24
2025-04-12 19:02:25,283 - drone_landing - INFO - Successful landing at position 84.99 with height 0.00
2025-04-12 19:02:25,407 - drone_landing - INFO - Successful landing at position 77.51 with height 1.73
2025-04-12 19:02:25,533 - drone_landing - INFO - Successful landing at position 6.92 with height 0.19
2025-04-12 19:02:25,659 - drone_landing - INFO - Failed landing at position 24.30 with height 1.41 (uneven terrain)
2025-04-12 19:02:25,784 - drone_landing - INFO - Failed landing at position 16.57 with height 1.18 (uneven terrain)
2025-04-12 19:02:25,906 - drone_landing - INFO - Successful landing at position 60.21 with height 1.95
2025-04-12 19:02:26,002 - drone_landing - INFO - Episode 880/1000 | Avg Reward: 6.82 | Success Rate: 80.00% | Loss: Policy=0.0000, Value=0.4581, Entropy=0.0000
2025-04-12 19:02:26,529 - drone_landing - INFO - Failed landing at position 40.62 with height 0.38 (uneven terrain)
2025-04-12 19:02:26,656 - drone_landing - INFO - Successful landing at position 36.53 with height 0.00
2025-04-12 19:02:26,783 - drone_landing - INFO - Successful landing at position 21.44 with height 0.71
2025-04-12 19:02:26,908 - drone_landing - INFO - Successful landing at position 20.49 with height 1.24
2025-04-12 19:02:27,036 - drone_landing - INFO - Successful landing at position 1.13 with height 0.27
2025-04-12 19:02:27,169 - drone_landing - INFO - Successful landing at position 19.25 with height 0.53
2025-04-12 19:02:27,297 - drone_landing - INFO - Successful landing at position 52.69 with height 0.00
2025-04-12 19:02:27,426 - drone_landing - INFO - Successful landing at position 96.64 with height 0.00
2025-04-12 19:02:27,554 - drone_landing - INFO - Successful landing at position 42.55 with height 0.00
2025-04-12 19:02:27,691 - drone_landing - INFO - Successful landing at position 84.11 with height 0.00
2025-04-12 19:02:27,789 - drone_landing - INFO - Episode 890/1000 | Avg Reward: 8.31 | Success Rate: 90.00% | Loss: Policy=-0.0000, Value=0.5218, Entropy=0.0000
2025-04-12 19:02:28,322 - drone_landing - INFO - Successful landing at position 51.14 with height 0.00
2025-04-12 19:02:28,448 - drone_landing - INFO - Successful landing at position 77.01 with height 0.00
2025-04-12 19:02:28,578 - drone_landing - INFO - Failed landing at position 66.84 with height 1.50 (uneven terrain)
2025-04-12 19:02:28,700 - drone_landing - INFO - Successful landing at position 72.47 with height 1.06
2025-04-12 19:02:28,824 - drone_landing - INFO - Successful landing at position 69.12 with height 0.00
2025-04-12 19:02:28,958 - drone_landing - INFO - Successful landing at position 36.96 with height 0.00
2025-04-12 19:02:29,092 - drone_landing - INFO - Successful landing at position 64.38 with height 0.00
2025-04-12 19:02:29,231 - drone_landing - INFO - Successful landing at position 58.69 with height 0.00
2025-04-12 19:02:29,359 - drone_landing - INFO - Failed landing at position 74.01 with height 0.83 (uneven terrain)
2025-04-12 19:02:29,489 - drone_landing - INFO - Successful landing at position 12.55 with height 0.00
2025-04-12 19:02:29,589 - drone_landing - INFO - Episode 900/1000 | Avg Reward: 6.82 | Success Rate: 80.00% | Loss: Policy=-0.0000, Value=0.4762, Entropy=0.0000
2025-04-12 19:02:30,219 - drone_landing - INFO - Failed landing at position 48.10 with height 1.39 (uneven terrain)
2025-04-12 19:02:30,354 - drone_landing - INFO - Successful landing at position 0.47 with height 0.00
2025-04-12 19:02:30,486 - drone_landing - INFO - Failed landing at position 23.73 with height 0.33 (uneven terrain)
2025-04-12 19:02:30,618 - drone_landing - INFO - Successful landing at position 91.65 with height 0.00
2025-04-12 19:02:30,745 - drone_landing - INFO - Successful landing at position 27.19 with height 1.71
2025-04-12 19:02:30,873 - drone_landing - INFO - Successful landing at position 43.56 with height 0.00
2025-04-12 19:02:31,003 - drone_landing - INFO - Successful landing at position 45.80 with height 0.89
2025-04-12 19:02:31,173 - drone_landing - INFO - Successful landing at position 46.28 with height 0.66
2025-04-12 19:02:31,317 - drone_landing - INFO - Successful landing at position 65.57 with height 0.62
2025-04-12 19:02:31,448 - drone_landing - INFO - Successful landing at position 7.23 with height 0.00
2025-04-12 19:02:31,547 - drone_landing - INFO - Episode 910/1000 | Avg Reward: 6.82 | Success Rate: 80.00% | Loss: Policy=0.0000, Value=0.8784, Entropy=0.0000
2025-04-12 19:02:32,077 - drone_landing - INFO - Successful landing at position 41.18 with height 0.00
2025-04-12 19:02:32,207 - drone_landing - INFO - Successful landing at position 69.86 with height 0.00
2025-04-12 19:02:32,335 - drone_landing - INFO - Successful landing at position 44.64 with height 0.00
2025-04-12 19:02:32,467 - drone_landing - INFO - Successful landing at position 30.10 with height 0.00
2025-04-12 19:02:32,597 - drone_landing - INFO - Successful landing at position 37.17 with height 0.00
2025-04-12 19:02:32,728 - drone_landing - INFO - Successful landing at position 83.90 with height 0.00
2025-04-12 19:02:32,869 - drone_landing - INFO - Failed landing at position 81.07 with height 0.00 (uneven terrain)
2025-04-12 19:02:32,995 - drone_landing - INFO - Successful landing at position 81.49 with height 0.54
2025-04-12 19:02:33,128 - drone_landing - INFO - Successful landing at position 72.53 with height 0.84
2025-04-12 19:02:33,261 - drone_landing - INFO - Successful landing at position 46.98 with height 0.00
2025-04-12 19:02:33,360 - drone_landing - INFO - Episode 920/1000 | Avg Reward: 8.31 | Success Rate: 90.00% | Loss: Policy=-0.0000, Value=0.3972, Entropy=0.0000
2025-04-12 19:02:33,885 - drone_landing - INFO - Successful landing at position 73.35 with height 1.75
2025-04-12 19:02:34,006 - drone_landing - INFO - Successful landing at position 80.07 with height 0.00
2025-04-12 19:02:34,128 - drone_landing - INFO - Successful landing at position 29.58 with height 1.31
2025-04-12 19:02:34,253 - drone_landing - INFO - Successful landing at position 3.44 with height 0.13
2025-04-12 19:02:34,382 - drone_landing - INFO - Failed landing at position 39.29 with height 1.48 (uneven terrain)
2025-04-12 19:02:34,510 - drone_landing - INFO - Successful landing at position 50.32 with height 1.71
2025-04-12 19:02:34,636 - drone_landing - INFO - Failed landing at position 69.63 with height 0.68 (uneven terrain)
2025-04-12 19:02:34,764 - drone_landing - INFO - Failed landing at position 44.50 with height 0.98 (uneven terrain)
2025-04-12 19:02:34,886 - drone_landing - INFO - Failed landing at position 6.81 with height 1.44 (uneven terrain)
2025-04-12 19:02:35,009 - drone_landing - INFO - Successful landing at position 35.93 with height 1.18
2025-04-12 19:02:35,104 - drone_landing - INFO - Episode 930/1000 | Avg Reward: 3.83 | Success Rate: 60.00% | Loss: Policy=-0.0000, Value=0.6150, Entropy=0.0000
2025-04-12 19:02:35,582 - drone_landing - INFO - Successful landing at position 56.59 with height 1.40
2025-04-12 19:02:35,719 - drone_landing - INFO - Successful landing at position 55.90 with height 0.00
2025-04-12 19:02:35,860 - drone_landing - INFO - Successful landing at position 8.12 with height 0.27
2025-04-12 19:02:36,002 - drone_landing - INFO - Successful landing at position 88.18 with height 0.00
2025-04-12 19:02:36,148 - drone_landing - INFO - Successful landing at position 81.81 with height 0.00
2025-04-12 19:02:36,284 - drone_landing - INFO - Failed landing at position 73.04 with height 1.75 (uneven terrain)
2025-04-12 19:02:36,421 - drone_landing - INFO - Successful landing at position 3.84 with height 0.00
2025-04-12 19:02:36,557 - drone_landing - INFO - Successful landing at position 65.90 with height 0.00
2025-04-12 19:02:36,691 - drone_landing - INFO - Successful landing at position 24.72 with height 0.00
2025-04-12 19:02:36,825 - drone_landing - INFO - Successful landing at position 51.68 with height 0.00
2025-04-12 19:02:36,926 - drone_landing - INFO - Episode 940/1000 | Avg Reward: 8.32 | Success Rate: 90.00% | Loss: Policy=0.0000, Value=0.9178, Entropy=0.0000
2025-04-12 19:02:37,360 - drone_landing - INFO - Successful landing at position 7.15 with height 1.66
2025-04-12 19:02:37,499 - drone_landing - INFO - Successful landing at position 17.03 with height 0.00
2025-04-12 19:02:37,646 - drone_landing - INFO - Successful landing at position 2.70 with height 0.00
2025-04-12 19:02:37,792 - drone_landing - INFO - Successful landing at position 7.16 with height 0.00
2025-04-12 19:02:37,939 - drone_landing - INFO - Successful landing at position 82.18 with height 0.00
2025-04-12 19:02:38,086 - drone_landing - INFO - Successful landing at position 13.30 with height 0.00
2025-04-12 19:02:38,231 - drone_landing - INFO - Failed landing at position 25.63 with height 0.99 (uneven terrain)
2025-04-12 19:02:38,374 - drone_landing - INFO - Successful landing at position 19.61 with height 0.00
2025-04-12 19:02:38,519 - drone_landing - INFO - Successful landing at position 79.56 with height 0.00
2025-04-12 19:02:38,663 - drone_landing - INFO - Failed landing at position 79.48 with height 1.48 (uneven terrain)
2025-04-12 19:02:38,770 - drone_landing - INFO - Episode 950/1000 | Avg Reward: 6.82 | Success Rate: 80.00% | Loss: Policy=-0.0000, Value=0.7120, Entropy=0.0000
2025-04-12 19:02:39,341 - drone_landing - INFO - Successful landing at position 86.64 with height 0.00
2025-04-12 19:02:39,509 - drone_landing - INFO - Failed landing at position 17.39 with height 0.66 (uneven terrain)
2025-04-12 19:02:39,675 - drone_landing - INFO - Successful landing at position 69.91 with height 0.00
2025-04-12 19:02:39,830 - drone_landing - INFO - Successful landing at position 62.67 with height 1.92
2025-04-12 19:02:39,977 - drone_landing - INFO - Successful landing at position 89.25 with height 0.00
2025-04-12 19:02:40,130 - drone_landing - INFO - Successful landing at position 83.43 with height 0.00
2025-04-12 19:02:40,271 - drone_landing - INFO - Successful landing at position 12.98 with height 1.23
2025-04-12 19:02:40,412 - drone_landing - INFO - Successful landing at position 66.13 with height 0.30
2025-04-12 19:02:40,557 - drone_landing - INFO - Successful landing at position 6.73 with height 0.00
2025-04-12 19:02:40,700 - drone_landing - INFO - Successful landing at position 94.31 with height 0.00
2025-04-12 19:02:40,810 - drone_landing - INFO - Episode 960/1000 | Avg Reward: 8.32 | Success Rate: 90.00% | Loss: Policy=0.0000, Value=0.8934, Entropy=0.0000
2025-04-12 19:02:41,270 - drone_landing - INFO - Successful landing at position 54.52 with height 0.87
2025-04-12 19:02:41,405 - drone_landing - INFO - Successful landing at position 93.36 with height 0.00
2025-04-12 19:02:41,540 - drone_landing - INFO - Successful landing at position 71.63 with height 0.56
2025-04-12 19:02:41,674 - drone_landing - INFO - Successful landing at position 76.19 with height 0.00
2025-04-12 19:02:41,812 - drone_landing - INFO - Successful landing at position 93.79 with height 0.00
2025-04-12 19:02:41,948 - drone_landing - INFO - Successful landing at position 34.43 with height 0.00
2025-04-12 19:02:42,101 - drone_landing - INFO - Successful landing at position 57.55 with height 0.00
2025-04-12 19:02:42,242 - drone_landing - INFO - Successful landing at position 41.89 with height 0.00
2025-04-12 19:02:42,383 - drone_landing - INFO - Successful landing at position 94.97 with height 0.00
2025-04-12 19:02:42,525 - drone_landing - INFO - Successful landing at position 70.56 with height 0.00
2025-04-12 19:02:42,631 - drone_landing - INFO - Episode 970/1000 | Avg Reward: 9.81 | Success Rate: 100.00% | Loss: Policy=-0.0000, Value=1.0758, Entropy=0.0000
2025-04-12 19:02:43,084 - drone_landing - INFO - Successful landing at position 93.01 with height 0.00
2025-04-12 19:02:43,230 - drone_landing - INFO - Successful landing at position 52.85 with height 0.00
2025-04-12 19:02:43,369 - drone_landing - INFO - Successful landing at position 55.64 with height 0.00
2025-04-12 19:02:43,507 - drone_landing - INFO - Failed landing at position 35.48 with height 0.48 (uneven terrain)
2025-04-12 19:02:43,650 - drone_landing - INFO - Failed landing at position 2.28 with height 0.96 (uneven terrain)
2025-04-12 19:02:43,825 - drone_landing - INFO - Successful landing at position 69.10 with height 0.00
2025-04-12 19:02:43,970 - drone_landing - INFO - Successful landing at position 41.17 with height 0.00
2025-04-12 19:02:44,113 - drone_landing - INFO - Failed landing at position 75.72 with height 1.44 (uneven terrain)
2025-04-12 19:02:44,245 - drone_landing - INFO - Successful landing at position 38.63 with height 1.07
2025-04-12 19:02:44,382 - drone_landing - INFO - Successful landing at position 92.28 with height 0.00
2025-04-12 19:02:44,488 - drone_landing - INFO - Episode 980/1000 | Avg Reward: 5.32 | Success Rate: 70.00% | Loss: Policy=-0.0000, Value=0.5840, Entropy=0.0000
2025-04-12 19:02:45,051 - drone_landing - INFO - Failed landing at position 39.42 with height 1.50 (uneven terrain)
2025-04-12 19:02:45,197 - drone_landing - INFO - Successful landing at position 83.20 with height 0.00
2025-04-12 19:02:45,332 - drone_landing - INFO - Successful landing at position 21.94 with height 0.48
2025-04-12 19:02:45,470 - drone_landing - INFO - Successful landing at position 26.73 with height 0.00
2025-04-12 19:02:45,606 - drone_landing - INFO - Failed landing at position 59.32 with height 0.84 (uneven terrain)
2025-04-12 19:02:45,741 - drone_landing - INFO - Failed landing at position 24.13 with height 0.96 (uneven terrain)
2025-04-12 19:02:45,879 - drone_landing - INFO - Successful landing at position 56.95 with height 0.00
2025-04-12 19:02:46,020 - drone_landing - INFO - Successful landing at position 25.63 with height 1.12
2025-04-12 19:02:46,157 - drone_landing - INFO - Successful landing at position 53.27 with height 0.31
2025-04-12 19:02:46,295 - drone_landing - INFO - Failed landing at position 53.73 with height 0.96 (uneven terrain)
2025-04-12 19:02:46,400 - drone_landing - INFO - Episode 990/1000 | Avg Reward: 3.82 | Success Rate: 60.00% | Loss: Policy=0.0000, Value=0.5373, Entropy=0.0000
2025-04-12 19:02:46,980 - drone_landing - INFO - Successful landing at position 92.05 with height 0.00
2025-04-12 19:02:47,132 - drone_landing - INFO - Successful landing at position 82.66 with height 0.00
2025-04-12 19:02:47,291 - drone_landing - INFO - Failed landing at position 68.65 with height 0.36 (uneven terrain)
2025-04-12 19:02:47,441 - drone_landing - INFO - Successful landing at position 3.18 with height 0.42
2025-04-12 19:02:47,591 - drone_landing - INFO - Successful landing at position 19.12 with height 0.00
2025-04-12 19:02:47,740 - drone_landing - INFO - Failed landing at position 28.46 with height 0.31 (uneven terrain)
2025-04-12 19:02:47,883 - drone_landing - INFO - Successful landing at position 33.77 with height 1.48
2025-04-12 19:02:48,027 - drone_landing - INFO - Failed landing at position 14.44 with height 0.86 (uneven terrain)
2025-04-12 19:02:48,171 - drone_landing - INFO - Successful landing at position 28.43 with height 1.52
2025-04-12 19:02:48,313 - drone_landing - INFO - Successful landing at position 9.75 with height 0.00
2025-04-12 19:02:48,427 - drone_landing - INFO - Episode 1000/1000 | Avg Reward: 5.32 | Success Rate: 70.00% | Loss: Policy=0.0000, Value=0.8257, Entropy=0.0000
2025-04-12 19:02:49,098 - drone_landing - INFO - Training completed!
2025-04-12 19:10:51,688 - drone_landing - INFO - Using device: cpu
2025-04-12 19:10:51,689 - drone_landing - INFO - Comparing different model architectures
2025-04-12 19:10:51,689 - drone_landing - INFO - Comparing models:
2025-04-12 19:10:51,689 - drone_landing - INFO -   - checkpoints/vit/best_model.pth
2025-04-12 19:10:51,689 - drone_landing - INFO -   - checkpoints/resnet50/best_model.pth
2025-04-12 19:10:51,689 - drone_landing - INFO -   - checkpoints/cnn/best_model.pth
2025-04-12 19:10:52,139 - drone_landing - INFO - Evaluating model: checkpoints/vit/best_model.pth
2025-04-12 19:28:38,540 - drone_landing - INFO - Using device: cpu
2025-04-12 19:28:38,541 - drone_landing - INFO - Comparing different model architectures
2025-04-12 19:28:38,541 - drone_landing - INFO - Comparing models:
2025-04-12 19:28:38,541 - drone_landing - INFO -   - checkpoints/vit/best_model.pth
2025-04-12 19:28:38,541 - drone_landing - INFO -   - checkpoints/resnet50/best_model.pth
2025-04-12 19:28:38,541 - drone_landing - INFO -   - checkpoints/cnn/best_model.pth
2025-04-12 19:28:38,993 - drone_landing - INFO - Evaluating model: checkpoints/vit/best_model.pth
2025-04-12 19:40:14,263 - drone_landing - INFO - Using device: cpu
2025-04-12 19:40:14,264 - drone_landing - INFO - Comparing different model architectures
2025-04-12 19:40:14,264 - drone_landing - INFO - Comparing models:
2025-04-12 19:40:14,264 - drone_landing - INFO -   - checkpoints/vit/best_model.pth
2025-04-12 19:40:14,264 - drone_landing - INFO -   - checkpoints/resnet50/best_model.pth
2025-04-12 19:40:14,264 - drone_landing - INFO -   - checkpoints/cnn/best_model.pth
2025-04-12 19:40:14,722 - drone_landing - INFO - Evaluating model: checkpoints/vit/best_model.pth
2025-04-12 19:55:15,958 - drone_landing - INFO - Using device: cpu
2025-04-12 19:55:15,959 - drone_landing - INFO - Comparing different model architectures
2025-04-12 19:55:15,959 - drone_landing - INFO - Comparing models:
2025-04-12 19:55:15,959 - drone_landing - INFO -   - checkpoints/vit/best_model.pth
2025-04-12 19:55:15,959 - drone_landing - INFO -   - checkpoints/resnet50/best_model.pth
2025-04-12 19:55:15,959 - drone_landing - INFO -   - checkpoints/cnn/best_model.pth
2025-04-12 19:55:16,427 - drone_landing - INFO - Evaluating model: checkpoints/vit/best_model.pth
2025-04-12 19:55:37,935 - drone_landing - INFO - Using device: cpu
2025-04-12 19:55:37,936 - drone_landing - INFO - Comparing different model architectures
2025-04-12 19:55:37,936 - drone_landing - INFO - Comparing models:
2025-04-12 19:55:37,936 - drone_landing - INFO -   - checkpoints/vit/best_model.pth
2025-04-12 19:55:37,936 - drone_landing - INFO -   - checkpoints/resnet50/best_model.pth
2025-04-12 19:55:37,936 - drone_landing - INFO -   - checkpoints/cnn/best_model.pth
2025-04-12 19:55:38,387 - drone_landing - INFO - Evaluating model: checkpoints/vit/best_model.pth
2025-04-12 20:14:29,213 - drone_landing - INFO - Using device: cpu
2025-04-12 20:14:29,264 - drone_landing - INFO - Comparing different model architectures
2025-04-12 20:14:29,264 - drone_landing - INFO - Comparing models:
2025-04-12 20:14:29,264 - drone_landing - INFO -   - checkpoints/vit/best_model.pth
2025-04-12 20:14:29,264 - drone_landing - INFO -   - checkpoints/resnet50/best_model.pth
2025-04-12 20:14:29,265 - drone_landing - INFO -   - checkpoints/cnn/best_model.pth
2025-04-12 20:14:29,710 - drone_landing - INFO - Evaluating model: checkpoints/vit/best_model.pth
2025-04-12 20:27:38,105 - drone_landing - INFO - Using device: cpu
2025-04-12 20:27:38,107 - drone_landing - INFO - Comparing different model architectures
2025-04-12 20:27:38,107 - drone_landing - INFO - Comparing models:
2025-04-12 20:27:38,107 - drone_landing - INFO -   - checkpoints/vit/best_model.pth
2025-04-12 20:27:38,107 - drone_landing - INFO -   - checkpoints/resnet50/best_model.pth
2025-04-12 20:27:38,107 - drone_landing - INFO -   - checkpoints/cnn/best_model.pth
2025-04-12 20:27:38,665 - drone_landing - INFO - Evaluating model: checkpoints/vit/best_model.pth
2025-04-12 20:29:40,625 - drone_landing - INFO - Using device: cpu
2025-04-12 20:29:40,626 - drone_landing - INFO - Comparing different model architectures
2025-04-12 20:29:40,626 - drone_landing - INFO - Comparing model: checkpoints/vit/best_model.pth
2025-04-12 20:29:40,626 - drone_landing - INFO - Comparing models:
2025-04-12 20:29:40,627 - drone_landing - INFO -   - checkpoints/vit/best_model.pth
2025-04-12 20:29:41,163 - drone_landing - INFO - Evaluating model: checkpoints/vit/best_model.pth
2025-04-12 20:29:59,283 - drone_landing - INFO - Using device: cpu
2025-04-12 20:29:59,284 - drone_landing - INFO - Comparing different model architectures
2025-04-12 20:29:59,284 - drone_landing - INFO - Comparing model: checkpoints/vit/best_model.pth
2025-04-12 20:29:59,285 - drone_landing - INFO - Comparing models:
2025-04-12 20:29:59,285 - drone_landing - INFO -   - checkpoints/vit/best_model.pth
2025-04-12 20:29:59,739 - drone_landing - INFO - Evaluating model: checkpoints/vit/best_model.pth
2025-04-12 20:30:59,360 - drone_landing - INFO - Using device: cpu
2025-04-12 20:30:59,361 - drone_landing - INFO - Comparing different model architectures
2025-04-12 20:30:59,361 - drone_landing - INFO - Comparing models:
2025-04-12 20:30:59,361 - drone_landing - INFO -   - checkpoints/vit/best_model.pth
2025-04-12 20:30:59,361 - drone_landing - INFO -   - checkpoints/resnet50/best_model.pth
2025-04-12 20:30:59,361 - drone_landing - INFO -   - checkpoints/cnn/best_model.pth
2025-04-12 20:30:59,847 - drone_landing - INFO - Evaluating model: checkpoints/vit/best_model.pth
2025-04-12 20:32:10,209 - drone_landing - INFO - Using device: cpu
2025-04-12 20:32:10,210 - drone_landing - INFO - Comparing different model architectures
2025-04-12 20:32:10,210 - drone_landing - INFO - Comparing models:
2025-04-12 20:32:10,210 - drone_landing - INFO -   - checkpoints/vit/best_model.pth
2025-04-12 20:32:10,210 - drone_landing - INFO -   - checkpoints/resnet50/best_model.pth
2025-04-12 20:32:10,210 - drone_landing - INFO -   - checkpoints/cnn/best_model.pth
2025-04-12 20:32:10,653 - drone_landing - INFO - Evaluating model: checkpoints/vit/best_model.pth
2025-04-12 20:32:37,566 - drone_landing - INFO - Using device: cpu
2025-04-12 20:32:37,567 - drone_landing - INFO - Comparing different model architectures
2025-04-12 20:32:37,567 - drone_landing - INFO - Comparing models:
2025-04-12 20:32:37,567 - drone_landing - INFO -   - checkpoints/vit/best_model.pth
2025-04-12 20:32:38,008 - drone_landing - INFO - Evaluating model: checkpoints/vit/best_model.pth
2025-04-12 20:33:09,897 - drone_landing - INFO - Using device: cpu
2025-04-12 20:33:09,898 - drone_landing - INFO - Comparing different model architectures
2025-04-12 20:33:09,898 - drone_landing - INFO - Comparing models:
2025-04-12 20:33:09,898 - drone_landing - INFO -   - checkpoints/vit/best_model.pth
2025-04-12 20:33:10,345 - drone_landing - INFO - Evaluating model: checkpoints/vit/best_model.pth
